ID,Stratum,x1,x2,x3,x4,x5,x6,x7,x8,x9,x10,x11,x12,BiMamba_Energy,EnergyPlus_Energy,BiMamba_PPD,EnergyPlus_PPD,BiMamba_Carbon,EnergyPlus_Carbon,A_x
1,Near-baseline,0.042,2.75,0.44,0.4,3.45,0.83,25.0,20.0,8.5,8.8,0,0,132.8,131.2,8.6,8.4,70.4,69.5,99.4
2,Near-baseline,0.038,2.82,0.46,0.39,3.38,0.81,25.0,20.0,8.6,9.2,0,0,135.4,137.1,8.9,8.7,71.8,72.7,99.2
3,Near-baseline,0.045,2.68,0.43,0.41,3.48,0.84,25.5,19.5,8.4,8.5,0,0,129.5,130.8,9.2,9.5,68.6,69.3,98.8
4,Near-baseline,0.04,2.8,0.45,0.4,3.4,0.82,25.0,20.0,8.5,9.0,0,0,134.1,133.5,8.7,8.6,71.1,70.8,99.8
5,Near-baseline,0.041,2.78,0.44,0.4,3.42,0.82,24.8,20.2,8.5,8.9,0,0,134.9,133.1,8.4,8.2,71.5,70.5,99.6
6,Near-baseline,0.044,2.7,0.43,0.38,3.45,0.83,25.0,20.0,8.3,8.7,0,0,130.6,132.0,8.8,8.5,69.2,70.0,99.1
7,Near-baseline,0.039,2.85,0.46,0.42,3.35,0.81,25.0,20.0,8.7,9.3,0,0,137.5,135.9,8.9,9.1,72.9,72.0,98.9
8,Near-baseline,0.043,2.72,0.44,0.39,3.44,0.83,25.2,19.8,8.4,8.8,0,0,131.7,133.2,8.8,8.6,69.8,70.6,99.3
9,Near-baseline,0.04,2.8,0.45,0.41,3.4,0.82,25.0,20.0,8.6,9.1,0,0,135.0,133.8,8.7,8.8,71.6,70.9,99.7
10,Near-baseline,0.046,2.65,0.42,0.38,3.5,0.84,25.3,19.7,8.3,8.4,0,0,128.1,129.5,9.0,9.2,67.9,68.6,98.7
11,Near-baseline,0.037,2.88,0.47,0.42,3.32,0.8,24.7,20.3,8.8,9.4,0,0,139.2,137.4,8.5,8.2,73.8,72.8,98.5
12,Near-baseline,0.042,2.76,0.44,0.4,3.42,0.83,25.0,20.0,8.5,8.9,0,0,133.2,134.6,8.7,8.5,70.6,71.3,99.5
13,Near-baseline,0.045,2.69,0.43,0.39,3.46,0.83,25.1,19.9,8.4,8.6,0,0,130.2,128.9,8.8,8.9,69.0,68.3,99.0
14,Near-baseline,0.039,2.83,0.46,0.41,3.36,0.81,25.0,20.0,8.6,9.2,0,0,136.6,138.1,8.8,8.6,72.4,73.2,99.1
15,Near-baseline,0.043,2.73,0.43,0.39,3.44,0.83,25.2,19.8,8.4,8.7,0,0,131.4,132.9,8.9,9.1,69.6,70.4,99.4
16,Interior,0.065,2.15,0.38,0.35,3.75,0.86,25.5,19.5,7.8,7.5,1,0,116.2,118.8,9.4,9.1,61.6,63.0,98.2
17,Interior,0.052,2.45,0.41,0.45,3.55,0.84,24.5,20.5,9.2,8.2,0,0,128.5,125.8,8.3,8.0,68.1,66.7,98.5
18,Interior,0.08,1.85,0.35,0.32,3.9,0.88,26.0,19.0,7.2,6.8,1,1,102.4,104.7,10.2,10.6,54.3,55.5,97.6
19,Interior,0.03,3.2,0.52,0.48,3.2,0.78,24.0,21.0,10.5,10.2,0,0,154.2,150.9,8.1,7.6,81.7,80.0,97.1
20,Interior,0.07,2.05,0.36,0.38,3.8,0.87,25.0,20.0,8.0,7.2,1,0,112.8,115.1,8.9,9.3,59.8,61.0,98.0
21,Interior,0.058,2.3,0.4,0.42,3.6,0.85,25.2,19.8,8.6,8.0,0,0,122.9,120.4,8.8,8.5,65.1,63.8,98.3
22,Interior,0.09,1.7,0.33,0.3,4.05,0.89,25.8,19.2,6.8,6.5,1,1,96.5,98.6,9.8,10.1,51.1,52.3,96.8
23,Interior,0.035,3.05,0.49,0.46,3.28,0.79,24.2,20.8,9.8,9.8,0,0,146.7,143.5,8.2,7.8,77.8,76.1,97.4
24,Interior,0.06,2.25,0.39,0.36,3.7,0.86,25.4,19.6,8.2,7.6,1,0,118.4,121.0,9.2,8.8,62.8,64.1,98.1
25,Interior,0.048,2.55,0.42,0.44,3.5,0.83,24.6,20.4,9.0,8.5,0,0,131.2,128.6,8.5,8.1,69.5,68.2,98.4
26,Interior,0.075,1.95,0.35,0.34,3.85,0.88,25.6,19.4,7.5,7.0,1,1,106.8,109.1,9.6,9.9,56.6,57.8,97.8
27,Interior,0.032,3.15,0.5,0.47,3.25,0.78,24.1,20.9,10.2,10.0,0,0,150.8,147.7,8.1,7.7,79.9,78.3,97.2
28,Interior,0.068,2.1,0.37,0.37,3.78,0.87,25.3,19.7,8.1,7.4,1,0,114.6,117.0,9.0,9.4,60.7,62.0,98.1
29,Interior,0.055,2.38,0.4,0.43,3.58,0.84,24.8,20.2,8.8,8.1,0,0,125.1,122.6,8.7,8.3,66.3,65.0,98.4
30,Interior,0.085,1.78,0.34,0.31,3.98,0.89,25.7,19.3,7.0,6.6,1,1,99.2,101.4,9.7,10.0,52.6,53.7,97.0
31,Boundary/extreme,0.01,4.2,0.65,0.58,2.8,0.72,23.0,22.0,14.0,14.0,0,0,188.5,196.2,6.5,7.2,99.9,104.0,95.4
32,Boundary/extreme,0.15,1.2,0.25,0.2,4.5,0.95,27.0,18.0,5.0,5.0,1,1,72.4,69.6,12.8,12.0,38.4,36.9,95.1
33,Boundary/extreme,0.015,3.9,0.62,0.55,2.9,0.74,23.2,21.8,13.2,13.2,0,0,179.8,186.8,6.8,7.4,95.3,99.0,95.8
34,Boundary/extreme,0.14,1.28,0.26,0.22,4.4,0.94,26.8,18.2,5.5,5.4,1,1,76.2,73.4,12.2,11.5,40.4,38.9,95.5
35,Boundary/extreme,0.012,4.1,0.64,0.56,2.85,0.73,23.1,21.9,13.8,13.6,0,0,184.2,191.9,6.6,7.3,97.6,101.7,95.3
36,Boundary/extreme,0.145,1.22,0.25,0.21,4.45,0.94,26.9,18.1,5.2,5.2,1,1,74.1,71.3,12.5,11.8,39.3,37.8,95.2
37,Boundary/extreme,0.02,3.6,0.58,0.52,3.0,0.75,23.5,21.5,12.5,12.5,0,0,169.5,175.7,7.2,7.8,89.8,93.1,96.2
38,Boundary/extreme,0.13,1.35,0.28,0.24,4.3,0.92,26.5,18.5,6.0,5.8,1,1,81.4,78.5,11.6,11.0,43.1,41.6,96.0
39,Boundary/extreme,0.018,3.75,0.6,0.54,2.95,0.74,23.4,21.6,12.8,12.8,0,0,174.1,180.6,7.0,7.6,92.3,95.7,95.9
40,Boundary/extreme,0.135,1.3,0.27,0.23,4.35,0.93,26.6,18.4,5.8,5.6,1,1,78.8,76.0,11.9,11.2,41.8,40.3,95.7
41,Boundary/extreme,0.022,3.5,0.56,0.5,3.05,0.76,23.6,21.4,12.0,12.0,0,0,165.2,171.1,7.4,8.0,87.6,90.7,96.4
42,Boundary/extreme,0.005,4.8,0.7,0.6,2.6,0.68,22.5,22.5,15.0,15.0,0,0,210.4,223.5,5.8,7.0,111.5,118.5,91.2
43,Boundary/extreme,0.025,3.35,0.54,0.48,3.1,0.77,23.8,21.2,11.5,11.5,0,0,160.8,166.4,7.6,8.2,85.2,88.2,96.6
44,Boundary/extreme,0.16,1.1,0.22,0.18,4.6,0.96,27.5,17.5,4.5,4.5,1,1,66.8,62.7,13.8,12.3,35.4,33.2,93.4
45,Boundary/extreme,0.008,4.5,0.68,0.6,2.7,0.7,22.8,22.2,14.5,14.5,0,0,201.2,213.1,6.1,7.2,106.6,112.9,92.8
46,Pareto/optimisation-relevant,0.1,1.6,0.32,0.28,4.1,0.9,26.0,19.0,6.5,6.0,1,1,88.5,86.8,10.5,10.1,46.9,46.0,97.8
47,Pareto/optimisation-relevant,0.11,1.5,0.3,0.26,4.15,0.91,26.0,19.0,6.2,5.8,1,1,85.2,83.6,10.6,10.2,45.2,44.3,97.5
48,Pareto/optimisation-relevant,0.095,1.65,0.33,0.3,4.05,0.9,25.8,19.2,6.8,6.2,1,1,91.4,89.7,10.1,9.8,48.4,47.5,97.9
49,Pareto/optimisation-relevant,0.105,1.55,0.31,0.27,4.12,0.91,26.0,19.0,6.4,5.9,1,1,86.9,85.3,10.5,10.1,46.1,45.2,97.6
50,Pareto/optimisation-relevant,0.115,1.45,0.29,0.25,4.2,0.92,26.2,18.8,6.0,5.6,1,1,82.8,81.3,10.8,10.4,43.9,43.1,97.3
51,Pareto/optimisation-relevant,0.09,1.7,0.34,0.31,4.0,0.89,25.8,19.2,7.0,6.4,1,1,93.6,91.9,9.9,9.6,49.6,48.7,98.1
52,Pareto/optimisation-relevant,0.12,1.4,0.28,0.25,4.25,0.92,26.2,18.8,5.8,5.5,1,1,80.7,79.2,10.9,10.5,42.8,42.0,97.1
53,Pareto/optimisation-relevant,0.085,1.75,0.35,0.32,3.95,0.88,25.6,19.4,7.2,6.5,1,1,96.1,94.3,9.7,9.4,50.9,50.0,98.2
54,Pareto/optimisation-relevant,0.102,1.58,0.32,0.28,4.1,0.91,26.0,19.0,6.5,6.0,1,1,87.8,86.2,10.4,10.0,46.5,45.7,97.7
55,Pareto/optimisation-relevant,0.108,1.52,0.3,0.27,4.14,0.91,26.0,19.0,6.3,5.8,1,1,85.8,84.2,10.6,10.2,45.5,44.6,97.6
56,Pareto/optimisation-relevant,0.098,1.62,0.33,0.29,4.08,0.9,25.9,19.1,6.6,6.1,1,1,89.6,88.0,10.3,9.9,47.5,46.6,97.8
57,Pareto/optimisation-relevant,0.112,1.48,0.29,0.26,4.18,0.92,26.1,18.9,6.1,5.7,1,1,83.9,82.4,10.7,10.3,44.5,43.7,97.4
58,Pareto/optimisation-relevant,0.092,1.68,0.34,0.3,4.02,0.89,25.8,19.2,6.9,6.3,1,1,92.5,90.8,10.0,9.7,49.0,48.1,98.0
59,Pareto/optimisation-relevant,0.118,1.42,0.28,0.25,4.22,0.92,26.2,18.8,5.9,5.5,1,1,81.6,80.1,10.9,10.5,43.2,42.5,97.2
60,Pareto/optimisation-relevant,0.1,1.59,0.32,0.28,4.1,0.91,26.0,19.0,6.5,6.0,1,1,88.1,86.5,10.5,10.1,46.7,45.8,97.7
