model,metric,bootstrap_mean,ci_low,ci_high
ARIMA,RMSE,58.16894074,53.90185488,62.13761950
ARIMA,MAE,44.50944469,40.54011978,48.36123058
ARIMA,MAPE,14.80051080,14.60149249,15.00586434
ARIMA,R2,0.82591986,0.79216015,0.85236533
ARIMA,CVRMSE,19.49568452,19.07527476,19.94020310
SVR,RMSE,52.57069948,48.52012070,56.35561949
SVR,MAE,40.10991673,36.39629978,43.73551697
SVR,MAPE,13.20118215,12.98960337,13.40130800
SVR,R2,0.85780149,0.82969710,0.88028204
SVR,CVRMSE,17.61802820,17.24903422,17.98832662
XGBoost,RMSE,46.26703796,42.65828840,49.68878587
XGBoost,MAE,35.20407307,31.82109917,38.50801373
XGBoost,MAPE,11.49981214,11.28623573,11.70459366
XGBoost,R2,0.88986140,0.86789621,0.90707481
XGBoost,CVRMSE,15.50496547,15.21791738,15.80736842
LSTM,RMSE,41.76871807,38.55714220,44.81497204
LSTM,MAE,31.50145358,28.54805675,34.38445458
LSTM,MAPE,10.49892914,10.32842823,10.67201868
LSTM,R2,0.91023415,0.89235664,0.92452478
LSTM,CVRMSE,13.99811915,13.66862423,14.33692681
BiLSTM,RMSE,39.47593513,36.52385265,42.27717755
BiLSTM,MAE,29.80516475,27.04006946,32.52439168
BiLSTM,MAPE,9.80035125,9.64569715,9.94817794
BiLSTM,R2,0.91982003,0.90383355,0.93228045
BiLSTM,CVRMSE,13.22993034,12.96272252,13.51468959
GRU,RMSE,40.17094109,37.13002837,43.03249965
GRU,MAE,30.50083518,27.74867152,33.16917402
GRU,MAPE,10.09878837,9.97660618,10.22635736
GRU,R2,0.91698017,0.90078635,0.92967577
GRU,CVRMSE,13.46293512,13.18257273,13.76128659
Transformer,RMSE,38.77729384,35.74750631,41.65841837
Transformer,MAE,29.20573677,26.46521020,31.90754153
Transformer,MAPE,9.50018017,9.34627309,9.65936213
Transformer,R2,0.92262993,0.90716283,0.93492948
Transformer,CVRMSE,12.99510034,12.75298605,13.25287718
Informer,RMSE,37.17774725,34.15381274,40.00411234
Informer,MAE,28.00866911,25.24039136,30.75235405
Informer,MAPE,9.10131190,8.90513453,9.28720445
Informer,R2,0.92887176,0.91407350,0.94048936
Informer,CVRMSE,12.45819797,12.23876503,12.69203349
TimesNet,RMSE,36.47483342,33.52732733,39.24233736
TimesNet,MAE,27.40461201,24.66532946,30.08124136
TimesNet,MAPE,8.90011027,8.69365345,9.10009044
TimesNet,R2,0.93152958,0.91722099,0.94292361
TimesNet,CVRMSE,12.22264283,12.00089630,12.45044396
PatchTST,RMSE,35.77494672,32.90012473,38.51430622
PatchTST,MAE,26.90310457,24.24833774,29.50560547
PatchTST,MAPE,8.69913003,8.50724301,8.88749015
PatchTST,R2,0.93414429,0.92079735,0.94478240
PatchTST,CVRMSE,11.98822622,11.74609887,12.23009304
iTransformer,RMSE,34.37469516,31.61323253,36.99872420
iTransformer,MAE,25.90323476,23.39937227,28.38989564
iTransformer,MAPE,8.39976891,8.25365767,8.55400111
iTransformer,R2,0.93920304,0.92702676,0.94885348
iTransformer,CVRMSE,11.51918374,11.27450514,11.76704937
Mamba,RMSE,34.97715302,32.30703663,37.52532017
Mamba,MAE,26.50329810,23.99297397,28.96209112
Mamba,MAPE,8.59971341,8.44830273,8.74425566
Mamba,R2,0.93705665,0.92455644,0.94677597
Mamba,CVRMSE,11.72199531,11.48579039,11.96850352
BiMamba_wo_physics,RMSE,33.77622765,31.16479986,36.26078540
BiMamba_wo_physics,MAE,25.60275784,23.12416483,28.04714762
BiMamba_wo_physics,MAPE,8.29984606,8.12218629,8.46968708
BiMamba_wo_physics,R2,0.94129436,0.92938251,0.95072951
BiMamba_wo_physics,CVRMSE,11.31904112,11.12696932,11.52165797
BiMamba_proposed,RMSE,32.48155418,30.04854888,34.78036257
BiMamba_proposed,MAE,24.50586107,22.22625641,26.72014713
BiMamba_proposed,MAPE,8.00052152,7.86762969,8.13319717
BiMamba_proposed,R2,0.94571577,0.93497591,0.95413166
BiMamba_proposed,CVRMSE,10.88593714,10.65304605,11.13999045
