case_id,insulation_m,window_u,shgc,wwr,cooling_cop,heating_cop,cooling_setpoint_c,heating_setpoint_c,ventilation_ach,lpd_w_m2,vfd,erv,reference_energy_MWh,approximate_physics_energy_MWh,relative_error_pct,reference_model
1,0.12014283,1.5999516,0.7022798,0.39150688,4.0482899,2.3368678,24.01999,18.893694,0.93563785,4.1459232,1,0,121.61008,115.90128,-4.694352,synthetic_1R1C_NOT_EnergyPlus
2,0.16092926,1.5228534,0.37073877,0.34419095,3.9193797,3.7952269,24.075344,20.369569,0.67233632,10.429976,0,1,152.38471,147.01619,-3.5230038,synthetic_1R1C_NOT_EnergyPlus
3,0.087340309,1.5950734,0.35952138,0.47450466,5.155273,3.8644751,23.726249,20.487186,0.5690482,10.099719,0,0,143.65845,139.04483,-3.2115229,synthetic_1R1C_NOT_EnergyPlus
4,0.029270011,1.246371,0.63539088,0.48046351,2.6024277,3.6618201,24.716943,20.222084,0.5009261,8.6128823,1,0,207.56903,201.59163,-2.8797139,synthetic_1R1C_NOT_EnergyPlus
5,0.052997642,1.9822896,0.53840176,0.39219601,5.0627112,2.484159,26.905214,19.088022,0.92294331,11.847663,1,0,132.91277,128.68746,-3.1790064,synthetic_1R1C_NOT_EnergyPlus
6,0.089482239,2.9238481,0.63977248,0.45087267,5.4776672,3.3574739,26.131839,19.220581,0.76471727,6.4075216,1,0,111.59,108.11756,-3.1117832,synthetic_1R1C_NOT_EnergyPlus
7,0.067925743,1.1313405,0.39111449,0.41164652,5.8424566,2.1893679,23.749316,21.363413,0.66499988,11.0864,1,1,131.845,127.47409,-3.3151867,synthetic_1R1C_NOT_EnergyPlus
8,0.097191789,1.8397668,0.31453885,0.42428762,5.355741,3.118109,24.952735,20.556397,0.59285938,9.655161,1,0,113.82628,110.43871,-2.9760885,synthetic_1R1C_NOT_EnergyPlus
9,0.14214739,3.1884577,0.71380094,0.36317191,2.5049461,4.7922385,23.577881,20.515557,0.58890926,4.1116782,0,1,186.35222,175.20757,-5.9804226,synthetic_1R1C_NOT_EnergyPlus
10,0.076326074,2.9919029,0.3477291,0.45458482,5.3058807,2.3123384,26.491082,20.164999,0.69648102,8.4780413,0,1,123.10581,119.67506,-2.7868294,synthetic_1R1C_NOT_EnergyPlus
11,0.12332324,3.2758889,0.59566474,0.2947478,3.8491457,2.228085,25.226349,18.817246,0.60990905,10.483862,1,1,144.3537,138.24331,-4.2329319,synthetic_1R1C_NOT_EnergyPlus
12,0.15084141,2.1663539,0.4563225,0.27981552,4.1977422,2.1158697,24.377337,18.524099,0.55468066,4.4190987,1,0,89.039558,85.346363,-4.1478137,synthetic_1R1C_NOT_EnergyPlus
13,0.057351297,2.5256619,0.41725993,0.4719849,5.6474228,2.6127743,26.88275,19.634272,0.47591878,10.892714,1,0,123.22505,119.47381,-3.0442248,synthetic_1R1C_NOT_EnergyPlus
14,0.14111304,1.4585622,0.43015565,0.50313573,4.9812686,2.3165653,24.508525,18.817935,0.48041913,7.6323128,1,0,121.01299,115.774,-4.3292801,synthetic_1R1C_NOT_EnergyPlus
15,0.024918626,1.8748445,0.21026665,0.49315576,3.8823669,2.0055481,23.246012,21.42528,0.92751611,5.2332414,0,0,122.38672,117.93481,-3.6375767,synthetic_1R1C_NOT_EnergyPlus
16,0.04604087,1.9792741,0.53282793,0.28576058,5.7886714,4.1742839,25.547785,19.413516,0.69559297,5.7818236,0,1,106.77619,103.5508,-3.0206966,synthetic_1R1C_NOT_EnergyPlus
17,0.17491104,2.0353731,0.67254986,0.2323405,5.598031,3.5942306,24.243593,19.084236,0.53253474,10.272598,1,0,122.09942,118.15764,-3.2283381,synthetic_1R1C_NOT_EnergyPlus
18,0.17234836,1.7992919,0.3790102,0.22578282,3.351454,4.0335348,24.13057,21.660086,0.55765604,7.7489969,1,1,118.58742,113.73558,-4.0913641,synthetic_1R1C_NOT_EnergyPlus
19,0.13122817,3.1478089,0.45558099,0.47992003,3.7161234,4.314931,26.220543,18.911077,0.63333956,6.3527638,0,1,138.70597,132.49788,-4.4757211,synthetic_1R1C_NOT_EnergyPlus
20,0.021872727,1.0182543,0.20029563,0.22433015,5.4455254,2.2012915,23.060991,18.093726,0.48619519,4.154565,1,1,69.029982,67.226901,-2.6120267,synthetic_1R1C_NOT_EnergyPlus
21,0.098217923,2.2572776,0.41168619,0.44689331,4.5024708,3.4690961,26.670429,19.660832,0.83069491,11.886061,1,0,134.80073,130.44908,-3.228214,synthetic_1R1C_NOT_EnergyPlus
22,0.10443039,1.6075112,0.72668623,0.22599629,5.7981978,2.5518543,24.916659,18.890985,0.30180199,5.5489038,0,0,109.38025,105.76569,-3.3045781,synthetic_1R1C_NOT_EnergyPlus
23,0.15754038,3.4356781,0.47953459,0.45380684,3.3445373,2.5487802,25.593227,18.831907,0.40875981,10.225443,0,0,170.03571,162.73439,-4.2939933,synthetic_1R1C_NOT_EnergyPlus
24,0.053064916,1.0125269,0.57801592,0.44963939,5.3952855,2.0280089,25.458194,20.079395,0.83949106,9.3755715,0,1,152.36948,147.25313,-3.3578561,synthetic_1R1C_NOT_EnergyPlus
25,0.093119658,1.8540673,0.63606631,0.39738339,3.4976918,3.2312307,23.331138,19.675813,0.63900545,4.7777101,1,0,136.39404,128.87581,-5.5121398,synthetic_1R1C_NOT_EnergyPlus
26,0.057410799,1.6089677,0.27780788,0.30269644,3.8561112,4.9663872,24.007488,20.302644,0.40433419,11.156428,0,0,144.01437,139.94898,-2.8229054,synthetic_1R1C_NOT_EnergyPlus
27,0.17942485,1.1023354,0.42037174,0.41156059,5.8155689,4.6892596,26.245918,20.560846,0.43054049,8.732299,1,0,111.79544,108.05378,-3.346878,synthetic_1R1C_NOT_EnergyPlus
28,0.093416484,2.5990362,0.28147164,0.50091674,3.9553054,3.5536451,25.7208,20.437154,0.50841512,10.909633,0,0,146.40667,141.98905,-3.0173595,synthetic_1R1C_NOT_EnergyPlus
29,0.026128187,1.7493466,0.25412354,0.32365906,3.2311261,3.992427,25.461282,21.550001,0.36751579,10.636536,0,1,147.51541,142.8425,-3.1677428,synthetic_1R1C_NOT_EnergyPlus
30,0.05887351,3.2710981,0.2660025,0.35617778,5.1393721,4.9470774,25.683475,18.912101,0.58912856,11.42397,0,0,129.55368,127.07454,-1.9136033,synthetic_1R1C_NOT_EnergyPlus
31,0.16355101,1.4276571,0.49657948,0.48308992,2.6538928,3.72752,26.270864,19.750719,0.37247103,6.7699413,1,0,164.01169,153.90662,-6.161192,synthetic_1R1C_NOT_EnergyPlus
32,0.13506507,1.5960663,0.55204168,0.32531851,5.3562645,3.9947058,24.625843,20.51219,0.54929134,6.0057714,1,0,101.32466,97.209516,-4.0613403,synthetic_1R1C_NOT_EnergyPlus
33,0.12898507,1.361774,0.39075177,0.25037823,4.2896567,4.3438865,23.206941,21.591767,0.75412185,5.8682589,1,1,100.20783,96.218237,-3.9813225,synthetic_1R1C_NOT_EnergyPlus
34,0.13212271,1.9656994,0.28002988,0.28337937,5.7727911,2.1363039,25.601492,19.78077,0.82585859,8.7133212,1,0,94.435527,92.52477,-2.0233448,synthetic_1R1C_NOT_EnergyPlus
35,0.11450841,3.0949294,0.21025748,0.54879515,2.8738351,3.8480787,23.238857,20.491921,0.34987508,11.277052,1,0,154.29644,147.82145,-4.1964595,synthetic_1R1C_NOT_EnergyPlus
36,0.17742639,2.7983197,0.28111565,0.23230869,4.1773369,4.2016905,23.907897,19.241716,0.37589361,6.3639012,0,1,108.34206,105.29016,-2.8169163,synthetic_1R1C_NOT_EnergyPlus
37,0.066240913,2.8191308,0.72804002,0.45047679,5.0715847,3.8688336,23.958119,18.383298,0.45383825,4.2826348,0,1,137.8553,135.21309,-1.9166594,synthetic_1R1C_NOT_EnergyPlus
38,0.17785746,1.493954,0.63302139,0.54997295,5.6651647,4.1011014,25.292311,19.823513,0.39103436,9.7347096,1,1,152.43232,150.82678,-1.0532799,synthetic_1R1C_NOT_EnergyPlus
39,0.16708078,2.2127834,0.32362937,0.4893561,3.2369994,4.2072747,24.638326,20.774508,0.53767754,6.1930239,0,0,135.70793,129.83653,-4.3264959,synthetic_1R1C_NOT_EnergyPlus
40,0.17517577,1.4242914,0.50761368,0.4771529,3.9440433,3.8845953,25.191239,20.851931,0.97904508,4.2537632,0,0,129.67933,123.48506,-4.7766047,synthetic_1R1C_NOT_EnergyPlus
41,0.14798652,3.4906027,0.27280968,0.34264593,2.6710745,4.4047569,26.411719,18.658116,0.23188609,7.1517674,0,0,125.32176,120.94826,-3.4898151,synthetic_1R1C_NOT_EnergyPlus
42,0.14308942,3.4336414,0.70062826,0.4731933,5.7995464,3.6488703,24.777458,21.94895,0.53036811,7.8107646,1,0,136.08457,133.75216,-1.7139382,synthetic_1R1C_NOT_EnergyPlus
43,0.16815716,1.5730276,0.49503085,0.47456991,3.7726475,2.2632624,25.311793,19.172019,0.61867595,4.9246283,1,0,119.82901,113.25019,-5.4901749,synthetic_1R1C_NOT_EnergyPlus
44,0.042516541,3.4555491,0.62864928,0.23422036,4.3218435,2.2075767,24.173857,19.866935,0.42187201,5.1582594,0,0,112.66959,108.57845,-3.6311003,synthetic_1R1C_NOT_EnergyPlus
45,0.053471786,2.6555189,0.25038711,0.34086442,5.9671968,2.4730071,23.30996,21.319772,0.26706278,5.3805177,0,1,99.078427,96.571261,-2.5304869,synthetic_1R1C_NOT_EnergyPlus
46,0.045738946,1.9729217,0.62978027,0.23671079,5.423676,3.8610811,25.943356,21.099413,0.73772041,8.5074183,1,0,106.66734,103.41894,-3.0453506,synthetic_1R1C_NOT_EnergyPlus
47,0.029707821,2.6027874,0.69652425,0.37610201,5.9152946,3.2228644,24.477196,20.217139,0.23849356,9.5811791,0,1,149.11111,144.57633,-3.0412059,synthetic_1R1C_NOT_EnergyPlus
48,0.033992552,1.4632963,0.22020017,0.30321768,5.1427643,3.6023443,26.4141,20.237825,0.28623355,5.961136,1,0,78.61147,76.773887,-2.3375511,synthetic_1R1C_NOT_EnergyPlus
49,0.071737648,2.6493254,0.52157001,0.27054186,5.3517097,4.2860193,26.158139,21.61197,0.26711324,9.6701713,0,1,133.74346,129.9335,-2.8487067,synthetic_1R1C_NOT_EnergyPlus
50,0.031370993,1.2927609,0.32585275,0.49836375,4.6541892,4.4295629,23.684627,19.456959,0.38253356,7.0360553,0,0,127.24639,122.64227,-3.6182664,synthetic_1R1C_NOT_EnergyPlus
51,0.039965809,2.3899534,0.27807831,0.46595574,3.6643736,3.8728219,25.499533,18.475549,0.49964425,4.9000039,0,0,107.03796,103.35687,-3.4390428,synthetic_1R1C_NOT_EnergyPlus
52,0.17295239,2.2338384,0.53961637,0.40235628,5.8754146,3.3356613,24.812283,19.701634,0.48034331,11.594718,0,1,154.79966,149.81791,-3.2181911,synthetic_1R1C_NOT_EnergyPlus
53,0.12017695,2.0024485,0.66275874,0.38650218,5.4121402,4.0859818,23.633052,21.998897,0.52088586,5.1664985,1,1,116.27577,110.69078,-4.8032219,synthetic_1R1C_NOT_EnergyPlus
54,0.11104295,2.6890839,0.62129008,0.24256054,3.9791729,2.4295518,25.191847,20.711304,0.78220943,8.7200576,0,0,137.67475,133.0099,-3.3883098,synthetic_1R1C_NOT_EnergyPlus
55,0.03342393,3.0609329,0.2023477,0.51530441,3.4874874,4.9126982,26.732677,21.464596,0.80633076,5.7883136,1,1,92.51751,89.303895,-3.4735206,synthetic_1R1C_NOT_EnergyPlus
56,0.053730267,1.2716996,0.69398551,0.45229358,2.8593989,3.6062381,25.699257,21.345422,0.27293329,4.1126683,0,1,189.7269,183.91411,-3.063768,synthetic_1R1C_NOT_EnergyPlus
57,0.17448272,1.4621623,0.45030053,0.25045306,4.729109,3.7961911,24.86538,21.210182,0.5544995,10.307547,1,1,124.68852,120.51311,-3.3486727,synthetic_1R1C_NOT_EnergyPlus
58,0.055561297,1.48369,0.50916514,0.37959137,4.7211718,2.0563352,24.47591,18.478792,0.88268873,8.0667148,0,0,133.37103,128.69405,-3.5067473,synthetic_1R1C_NOT_EnergyPlus
59,0.10155698,3.4811098,0.70085577,0.20401156,3.9763542,2.3827042,23.352582,20.01285,0.61816911,4.0368646,1,1,98.201179,93.350164,-4.939874,synthetic_1R1C_NOT_EnergyPlus
60,0.10433444,2.5190871,0.572725,0.50661862,4.7675634,2.6612888,23.894335,21.713992,0.39946415,4.208654,1,1,123.64996,118.56495,-4.1124284,synthetic_1R1C_NOT_EnergyPlus
