domain,days,method,test_start_day,RMSE,MAE,MAPE_pct,R2
warm_climate,2,fine_tuned,22,0.48936802,0.29440053,16.285563,0.95363322
warm_climate,2,scratch,22,2.4195262,1.3909278,41.182225,-0.13343454
warm_climate,7,fine_tuned,22,0.49356455,0.29577683,16.506236,0.95283458
warm_climate,7,scratch,22,1.4662313,0.91564113,49.678076,0.58376294
warm_climate,14,fine_tuned,22,0.46714557,0.26508288,14.774921,0.95774868
warm_climate,14,scratch,22,1.3280875,0.93837682,59.49269,0.6585012
cold_climate,2,fine_tuned,22,0.50341819,0.30855521,19.722025,0.91114284
cold_climate,2,scratch,22,1.385051,0.8615651,41.944162,0.32738564
cold_climate,7,fine_tuned,22,0.50915282,0.32167431,21.553571,0.9091069
cold_climate,7,scratch,22,1.2602677,0.90131087,53.342348,0.44312175
cold_climate,14,fine_tuned,22,0.49444986,0.31741464,20.986136,0.9142806
cold_climate,14,scratch,22,1.0322534,0.75056402,45.538404,0.62639969
