generation,pc,pm,nondominated_count,min_energy_MWh,min_lifecycle_cost_USD,run
1,0.9,0.1,1,91.812277,256173.05,1
2,0.88,0.096666667,1,91.812277,256173.05,1
3,0.86,0.093333333,3,82.976732,243328.67,1
4,0.84,0.09,2,82.976732,220498.98,1
5,0.82,0.086666667,4,81.606818,220498.98,1
6,0.8,0.083333333,3,80.423483,213751.48,1
7,0.78,0.08,4,78.839924,213751.48,1
8,0.76,0.076666667,4,75.164583,208703.24,1
9,0.74,0.073333333,6,75.164583,208703.24,1
10,0.72,0.07,2,72.384784,187330.53,1
11,0.7,0.066666667,7,68.652931,187330.53,1
12,0.68,0.063333333,5,68.652931,180722.32,1
13,0.66,0.06,4,68.652931,180722.32,1
14,0.64,0.056666667,7,68.652931,177969.16,1
15,0.62,0.053333333,6,66.327257,174859.43,1
16,0.6,0.05,9,66.327257,174859.43,1
1,0.9,0.1,2,88.831662,238166.86,2
2,0.88,0.096666667,3,88.831662,235862.05,2
3,0.86,0.093333333,3,86.71081,203857.58,2
4,0.84,0.09,1,75.616666,182700.7,2
5,0.82,0.086666667,2,73.359965,182700.7,2
6,0.8,0.083333333,1,72.046878,182547.84,2
7,0.78,0.08,2,70.024422,175833.81,2
8,0.76,0.076666667,4,70.024422,174824.07,2
9,0.74,0.073333333,4,68.859238,174824.07,2
10,0.72,0.07,2,68.025646,174824.07,2
11,0.7,0.066666667,3,68.025646,171909.68,2
12,0.68,0.063333333,4,67.668705,171909.68,2
13,0.66,0.06,3,66.828428,171909.68,2
14,0.64,0.056666667,6,66.828428,171909.68,2
15,0.62,0.053333333,2,66.828428,169190.27,2
16,0.6,0.05,3,65.933599,169190.27,2
1,0.9,0.1,7,94.114402,246517.08,3
2,0.88,0.096666667,9,93.009877,236911.29,3
3,0.86,0.093333333,6,81.91905,222700.25,3
4,0.84,0.09,5,81.91905,222700.25,3
5,0.82,0.086666667,11,81.91905,210175.67,3
6,0.8,0.083333333,10,73.267356,197847.4,3
7,0.78,0.08,8,71.763841,197847.4,3
8,0.76,0.076666667,11,71.763841,197847.4,3
9,0.74,0.073333333,3,70.697054,185077.47,3
10,0.72,0.07,8,69.143574,185077.47,3
11,0.7,0.066666667,10,69.143574,182222.54,3
12,0.68,0.063333333,10,66.519926,182222.54,3
13,0.66,0.06,12,66.519926,181365.07,3
14,0.64,0.056666667,19,65.005249,174789.7,3
15,0.62,0.053333333,23,65.005249,174789.7,3
16,0.6,0.05,24,65.005249,171453.48,3
