occupancy_model,archetype,n,mean_MWh,q05_MWh,q95_MWh,width_MWh
empirical_day_block,balanced,100,65.874268,63.045978,69.272183,6.2262051
empirical_day_block,balanced,200,65.964534,63.104931,69.17211,6.067179
empirical_day_block,balanced,300,66.053706,63.163746,69.17211,6.0083645
empirical_day_block,balanced,500,65.991802,63.196701,69.027684,5.8309833
empirical_day_block,cost,100,67.33238,65.035696,70.178809,5.1431135
empirical_day_block,cost,200,67.332802,65.105471,70.048889,4.9434183
empirical_day_block,cost,300,67.456033,65.071944,70.508662,5.4367176
empirical_day_block,cost,500,67.484968,65.126751,70.508662,5.3819101
empirical_day_block,energy,100,65.372225,63.006679,68.189482,5.182803
empirical_day_block,energy,200,65.270799,62.73443,68.689367,5.9549363
empirical_day_block,energy,300,65.267504,62.771056,68.356049,5.5849932
empirical_day_block,energy,500,65.355885,62.845584,68.685572,5.8399875
poisson,balanced,100,65.992516,63.162973,68.79474,5.6317674
poisson,balanced,200,66.058617,63.263153,68.788008,5.5248547
poisson,balanced,300,65.985158,63.263153,68.788235,5.5250819
poisson,balanced,500,65.961952,63.164098,69.157414,5.9933161
poisson,cost,100,67.295375,65.009438,70.796571,5.7871327
poisson,cost,200,67.107644,64.833923,70.298164,5.4642412
poisson,cost,300,67.199069,64.913755,70.327931,5.4141761
poisson,cost,500,67.233145,64.91478,70.425739,5.5109587
poisson,energy,100,65.238441,62.720019,69.519765,6.7997458
poisson,energy,200,65.110877,62.720019,68.846097,6.1260772
poisson,energy,300,65.016067,62.649091,68.536378,5.8872873
poisson,energy,500,64.998659,62.602622,68.536378,5.9337555
