epoch,data_loss,physics_loss,lambda_phys,architecture
1,0.6784585,0.47262092,0.05,"NumPy MLP, not BiMamba"
2,0.54186758,0.39586013,0.05,"NumPy MLP, not BiMamba"
3,0.51032791,0.38330773,0.05,"NumPy MLP, not BiMamba"
4,0.45624158,0.33220867,0.05,"NumPy MLP, not BiMamba"
5,0.41662628,0.30836422,0.05,"NumPy MLP, not BiMamba"
6,0.38189381,0.28105503,0.05,"NumPy MLP, not BiMamba"
7,0.35541676,0.28476557,0.05,"NumPy MLP, not BiMamba"
8,0.32688085,0.23170075,0.05,"NumPy MLP, not BiMamba"
9,0.29893793,0.21773389,0.05,"NumPy MLP, not BiMamba"
10,0.2797956,0.19597451,0.05,"NumPy MLP, not BiMamba"
11,0.27911387,0.17480445,0.05,"NumPy MLP, not BiMamba"
12,0.25072226,0.18524094,0.05,"NumPy MLP, not BiMamba"
13,0.25103588,0.20533665,0.05,"NumPy MLP, not BiMamba"
14,0.22867223,0.17049966,0.05,"NumPy MLP, not BiMamba"
15,0.21751053,0.1619916,0.05,"NumPy MLP, not BiMamba"
16,0.2085454,0.15682141,0.05,"NumPy MLP, not BiMamba"
