ball_id,semantic_regime,sample_count,purity,radius_std,center_outdoor_temp_c,center_hvac_kwh
1,Night setback,1636,0.92523,0.98858,19.79184,76.92046
2,Night setback,2047,0.85623,1.00285,17.74059,114.61751
3,Night setback,2376,0.89084,0.70810,22.77467,141.35419
4,Night setback,1769,0.96196,0.66419,14.35240,165.56046
5,Night setback,2350,0.82956,1.03281,23.29805,191.68387
6,Night setback,2201,0.94767,0.60569,26.48713,223.31472
7,Night setback,2441,0.94650,0.57020,27.33795,265.05616
8,Night setback,2428,0.92446,0.71442,33.25134,325.49104
9,Morning ramp-up,496,0.90941,1.07655,18.22808,153.14496
10,Morning ramp-up,384,0.88607,1.02672,8.71648,209.57268
11,Morning ramp-up,425,0.90841,1.17266,10.43380,258.20061
12,Morning ramp-up,451,0.87074,0.77403,20.07870,304.74161
13,Morning ramp-up,621,0.94974,0.95785,16.79381,355.36459
14,Morning ramp-up,476,0.90373,0.90931,20.88846,403.91567
15,Morning ramp-up,613,0.84952,0.98280,24.54846,453.13244
16,Morning ramp-up,536,0.85703,0.78114,25.49332,522.91028
17,Midday plateau,1254,0.86133,0.68763,14.21313,124.41714
18,Midday plateau,851,0.94994,0.64880,23.45529,198.00343
19,Midday plateau,971,0.81019,0.78985,31.30827,286.64994
20,Midday plateau,899,0.92612,0.89377,17.44876,345.74535
21,Midday plateau,1360,0.86188,0.81590,15.54045,389.38595
22,Midday plateau,1135,0.94344,1.00619,9.34352,427.02695
23,Midday plateau,1376,0.89391,0.84186,25.72077,458.78541
24,Midday plateau,1189,0.93166,1.01770,10.18056,493.62697
25,Midday plateau,1361,0.91443,1.03995,27.43817,539.15617
26,Midday plateau,1168,0.91859,1.14944,30.17574,606.72301
27,Afternoon decline,1071,0.83424,0.94414,13.34432,221.39008
28,Afternoon decline,824,0.92168,1.08315,24.95300,293.51303
29,Afternoon decline,959,0.82699,0.55106,22.64886,345.53296
30,Afternoon decline,844,0.90438,1.08600,14.30464,392.67214
31,Afternoon decline,1068,0.88950,1.09063,23.26247,430.28016
32,Afternoon decline,759,0.87413,0.99334,12.46550,467.35408
33,Afternoon decline,1007,0.90079,0.96211,8.71111,518.23179
34,Afternoon decline,886,0.92299,1.04777,28.68128,596.97718
35,Weekend low occupancy,1992,0.85642,0.86558,17.62731,99.13539
36,Weekend low occupancy,2916,0.93528,0.61273,22.48186,147.28205
37,Weekend low occupancy,3012,0.94338,1.19334,11.11973,182.17712
38,Weekend low occupancy,3095,0.94315,1.02180,26.05057,218.31133
39,Weekend low occupancy,3187,0.96272,0.79070,28.38096,259.92946
40,Weekend low occupancy,2155,0.90760,1.16252,28.42073,311.21593
41,Weekend low occupancy,2078,0.82633,0.84293,35.45921,379.25847
42,Heating season,1891,0.86755,0.73510,6.02376,204.36173
43,Heating season,2429,0.90774,0.95837,5.98287,247.22376
44,Heating season,2134,0.83739,1.01969,4.93088,283.54170
45,Heating season,2023,0.84446,1.18626,4.84152,335.57348
46,Heating season,2808,0.82254,0.72768,4.62056,480.09016
47,Heating season,2471,0.93264,0.74941,5.90734,564.14969
