archetype,scenario,energy_MWh_yr,PPD_pct,cost_kUSD,carbon_tCO2e_yr
Efficiency-focused,1,3140.846225,7.439034,1750,2051.009223
Efficiency-focused,2,3142.653807,7.346600,1750,2043.322900
Efficiency-focused,3,3161.144286,7.708737,1750,2048.379741
Efficiency-focused,4,3204.136369,6.034296,1750,2081.482859
Efficiency-focused,5,3047.018465,4.766570,1750,1962.669744
Efficiency-focused,6,3144.478890,4.958892,1750,2050.792043
Efficiency-focused,7,3126.160642,8.331070,1750,1994.670024
Efficiency-focused,8,3170.224763,6.740597,1750,2027.537250
Efficiency-focused,9,3148.840513,5.541877,1750,2024.242877
Efficiency-focused,10,3183.402257,6.317060,1750,2068.248713
Efficiency-focused,11,3153.681971,8.337268,1750,2006.428126
Efficiency-focused,12,3152.646322,5.905058,1750,2063.802019
Efficiency-focused,13,3161.796601,5.010290,1750,2044.811189
Efficiency-focused,14,3070.919013,5.910635,1750,1967.591692
Efficiency-focused,15,3141.394173,6.777216,1750,2008.631733
Efficiency-focused,16,3090.340548,4.998676,1750,2031.784805
Efficiency-focused,17,3031.592462,6.027095,1750,1973.380495
Efficiency-focused,18,3067.308809,6.341846,1750,2005.872611
Efficiency-focused,19,2894.375035,7.966957,1750,1860.965193
Efficiency-focused,20,3075.296053,5.115875,1750,1993.519336
Efficiency-focused,21,3033.343743,6.161827,1750,1984.208159
Efficiency-focused,22,2967.390032,6.863520,1750,1922.610504
Efficiency-focused,23,3256.092791,4.440571,1750,2113.383222
Efficiency-focused,24,3139.490995,6.543551,1750,2035.467703
Efficiency-focused,25,3050.665211,5.996958,1750,1987.702549
Efficiency-focused,26,3111.256503,5.596112,1750,2038.881538
Efficiency-focused,27,3141.660002,7.451765,1750,2047.350996
Efficiency-focused,28,3125.028388,4.239755,1750,2061.701291
Efficiency-focused,29,3042.858512,7.280349,1750,1983.631704
Efficiency-focused,30,3091.187660,6.738941,1750,2035.284830
Efficiency-focused,31,3275.959868,6.175800,1750,2115.076635
Efficiency-focused,32,3191.670278,4.830225,1750,2082.888723
Efficiency-focused,33,3181.231210,7.976462,1750,2067.548065
Efficiency-focused,34,3187.744899,6.571986,1750,2040.326282
Efficiency-focused,35,3194.410332,6.702230,1750,2060.706832
Efficiency-focused,36,3062.874725,5.900753,1750,1977.175380
Efficiency-focused,37,3156.558384,3.771564,1750,2056.193378
Efficiency-focused,38,3100.230768,5.481799,1750,2024.245273
Efficiency-focused,39,3215.205618,6.465697,1750,2088.888800
Efficiency-focused,40,3167.650429,8.038365,1750,2016.180665
Efficiency-focused,41,3197.124996,6.809361,1750,2025.708991
Efficiency-focused,42,3082.280546,5.955529,1750,2011.447436
Efficiency-focused,43,3249.128056,7.070494,1750,2121.984656
Efficiency-focused,44,3051.822101,6.498549,1750,1998.617333
Efficiency-focused,45,3118.606150,6.009763,1750,2058.890206
Efficiency-focused,46,3063.533691,6.278108,1750,1991.932569
Efficiency-focused,47,3203.278448,4.726799,1750,2093.307247
Efficiency-focused,48,3104.463977,5.501123,1750,2019.770728
Efficiency-focused,49,3170.684440,6.498381,1750,2053.617932
Efficiency-focused,50,3131.735743,6.067108,1750,2048.009144
Efficiency-focused,51,3093.208916,6.566122,1750,2055.257326
Efficiency-focused,52,3229.424695,7.449505,1750,2107.621133
Efficiency-focused,53,3102.375013,5.822135,1750,2044.706513
Efficiency-focused,54,3196.103616,6.971867,1750,2057.785087
Efficiency-focused,55,2973.912290,6.481223,1750,1932.990290
Efficiency-focused,56,3211.644597,5.341967,1750,2075.454399
Efficiency-focused,57,3060.272266,5.380163,1750,2009.436387
Efficiency-focused,58,3107.291866,6.285300,1750,2020.148114
Efficiency-focused,59,3055.103125,5.624790,1750,1955.005059
Efficiency-focused,60,3113.492725,5.929631,1750,2005.812864
Efficiency-focused,61,3114.129056,6.490683,1750,2031.078635
Efficiency-focused,62,2987.325598,6.838835,1750,1939.394945
Efficiency-focused,63,3180.479123,5.449939,1750,2074.204631
Efficiency-focused,64,2957.991363,6.223086,1750,1921.482369
Efficiency-focused,65,3071.787400,6.474582,1750,1975.936245
Efficiency-focused,66,3004.137496,6.368721,1750,1917.532259
Efficiency-focused,67,3155.538713,7.029164,1750,2020.749196
Efficiency-focused,68,3184.994272,6.249522,1750,2049.572117
Efficiency-focused,69,3132.065490,5.888790,1750,2062.388609
Efficiency-focused,70,3026.203180,6.145130,1750,1976.791624
Efficiency-focused,71,3048.905209,8.314159,1750,2001.432392
Efficiency-focused,72,3108.204396,6.410023,1750,2005.304048
Efficiency-focused,73,3081.889625,7.020063,1750,2007.058169
Efficiency-focused,74,3070.165026,5.240953,1750,2024.378367
Efficiency-focused,75,3246.859104,7.285566,1750,2095.926239
Efficiency-focused,76,3089.862639,6.449911,1750,1977.267147
Efficiency-focused,77,3130.684567,4.599144,1750,2032.219910
Efficiency-focused,78,3063.872024,6.116031,1750,2016.018468
Efficiency-focused,79,3126.613186,8.422773,1750,2020.808397
Efficiency-focused,80,3030.747613,7.567318,1750,1977.506838
Efficiency-focused,81,3060.780758,6.111873,1750,1975.951309
Efficiency-focused,82,3183.901516,6.011204,1750,2077.530195
Efficiency-focused,83,3124.589979,6.059975,1750,2019.549590
Efficiency-focused,84,3127.232558,7.613301,1750,2034.808628
Efficiency-focused,85,3158.691172,7.320906,1750,2024.636962
Efficiency-focused,86,3053.285330,5.655140,1750,2000.578802
Efficiency-focused,87,3097.604435,5.656980,1750,2037.377480
Efficiency-focused,88,3190.477067,6.744092,1750,2041.910034
Efficiency-focused,89,3121.981562,5.689576,1750,2027.436685
Efficiency-focused,90,3167.873700,5.248426,1750,2040.103444
Efficiency-focused,91,3095.179216,6.029623,1750,1982.620750
Efficiency-focused,92,3082.104453,6.177293,1750,1990.283760
Efficiency-focused,93,3048.626517,6.155798,1750,1996.190336
Efficiency-focused,94,3185.041381,6.045277,1750,2100.236443
Efficiency-focused,95,3089.534878,8.446091,1750,2027.938836
Efficiency-focused,96,3132.922044,5.639592,1750,2025.318565
Efficiency-focused,97,3071.162675,5.272420,1750,2014.474070
Efficiency-focused,98,3106.843351,6.559428,1750,2023.971064
Efficiency-focused,99,3006.536341,5.812097,1750,1950.121242
Efficiency-focused,100,3199.573039,5.733225,1750,2079.734514
Efficiency-focused,101,3096.612320,6.477643,1750,1973.718189
Efficiency-focused,102,3016.677066,6.613437,1750,1933.951486
Efficiency-focused,103,3110.308939,8.229243,1750,1987.556899
Efficiency-focused,104,3138.412828,6.953183,1750,2038.890301
Efficiency-focused,105,3023.439948,8.397198,1750,1950.606988
Efficiency-focused,106,3047.790269,7.213662,1750,1961.152911
Efficiency-focused,107,3045.610146,5.093641,1750,1986.661609
Efficiency-focused,108,3114.531519,5.741870,1750,2044.072139
Efficiency-focused,109,3114.368790,6.165402,1750,2032.970147
Efficiency-focused,110,3128.172442,5.988754,1750,1992.744899
Efficiency-focused,111,3114.978420,5.005588,1750,2014.175707
Efficiency-focused,112,3105.651432,5.601036,1750,2018.286320
Efficiency-focused,113,3153.170781,6.811367,1750,2068.724502
Efficiency-focused,114,3134.989713,5.907266,1750,2048.279806
Efficiency-focused,115,3166.647453,4.832597,1750,2106.719441
Efficiency-focused,116,3081.414022,5.680130,1750,2017.454929
Efficiency-focused,117,3191.863760,5.538036,1750,2065.445509
Efficiency-focused,118,3261.854134,8.639379,1750,2094.285043
Efficiency-focused,119,3248.327587,6.650868,1750,2110.330157
Efficiency-focused,120,3133.497229,8.924143,1750,2010.331577
Efficiency-focused,121,3262.908664,6.680887,1750,2124.495989
Efficiency-focused,122,3206.831796,5.958754,1750,2044.489305
Efficiency-focused,123,3179.236082,7.111587,1750,2040.151134
Efficiency-focused,124,3040.327938,7.204816,1750,2008.218745
Efficiency-focused,125,3142.426488,6.150254,1750,2021.895385
Efficiency-focused,126,3015.411506,5.461132,1750,1945.543851
Efficiency-focused,127,3164.491834,7.268124,1750,2065.589013
Efficiency-focused,128,3072.734496,6.544105,1750,1995.872783
Efficiency-focused,129,3130.740134,7.323307,1750,2065.854075
Efficiency-focused,130,3073.139855,6.540997,1750,1954.667931
Efficiency-focused,131,3168.478736,7.843434,1750,2072.164267
Efficiency-focused,132,3175.242351,8.170813,1750,2064.239659
Efficiency-focused,133,3129.640573,4.128315,1750,2049.447362
Efficiency-focused,134,3102.549116,6.389307,1750,2022.790721
Efficiency-focused,135,2980.126496,7.429771,1750,1955.723904
Efficiency-focused,136,3070.875608,6.334685,1750,1969.124025
Efficiency-focused,137,3219.606932,5.772006,1750,2087.005358
Efficiency-focused,138,3148.234562,6.605930,1750,2059.109754
Efficiency-focused,139,3139.110768,6.229577,1750,2023.516928
Efficiency-focused,140,3224.414068,6.051141,1750,2117.003215
Efficiency-focused,141,3103.801619,7.450978,1750,2003.352586
Efficiency-focused,142,3338.425157,6.052442,1750,2194.510217
Efficiency-focused,143,3102.727578,6.237451,1750,2025.867598
Efficiency-focused,144,3157.406861,7.521951,1750,2049.520962
Efficiency-focused,145,3178.494465,7.678392,1750,2041.697181
Efficiency-focused,146,3084.882872,6.762816,1750,1991.949837
Efficiency-focused,147,3115.342550,5.706130,1750,2036.839986
Efficiency-focused,148,2978.063252,6.847849,1750,1919.993351
Efficiency-focused,149,3205.142347,6.302043,1750,2060.624646
Efficiency-focused,150,3157.689229,6.538841,1750,2022.521559
Efficiency-focused,151,3206.326848,5.170048,1750,2076.219944
Efficiency-focused,152,3227.191078,5.700018,1750,2105.808965
Efficiency-focused,153,3052.252997,5.926485,1750,1983.721634
Efficiency-focused,154,3246.338306,7.041893,1750,2103.077171
Efficiency-focused,155,3210.266807,6.948665,1750,2032.207827
Efficiency-focused,156,3131.111084,5.675219,1750,2006.467394
Efficiency-focused,157,3060.069675,5.982649,1750,1971.598458
Efficiency-focused,158,3128.766569,6.529734,1750,2020.210756
Efficiency-focused,159,3116.261985,7.511245,1750,2033.214974
Efficiency-focused,160,3132.558946,6.823497,1750,2034.288893
Efficiency-focused,161,3100.411613,6.201438,1750,2011.428395
Efficiency-focused,162,3040.874355,6.265762,1750,1966.961389
Efficiency-focused,163,3177.122189,5.629142,1750,2064.995711
Efficiency-focused,164,3055.484757,6.061222,1750,1967.479661
Efficiency-focused,165,3241.353479,7.316654,1750,2095.732560
Efficiency-focused,166,3159.662597,7.004731,1750,2022.733215
Efficiency-focused,167,3117.350209,6.923510,1750,2011.000844
Efficiency-focused,168,3026.647104,6.448810,1750,1982.521450
Efficiency-focused,169,2963.514300,4.122689,1750,1919.525802
Efficiency-focused,170,3106.804850,6.286789,1750,2004.796042
Efficiency-focused,171,3183.172686,7.610316,1750,2064.275436
Efficiency-focused,172,3224.718096,6.996021,1750,2120.915690
Efficiency-focused,173,2955.606311,6.761248,1750,1900.582104
Efficiency-focused,174,3154.961616,5.673126,1750,2054.890576
Efficiency-focused,175,3030.525378,5.253992,1750,1977.872270
Efficiency-focused,176,3079.319412,6.369708,1750,2030.820664
Efficiency-focused,177,3279.317838,6.289870,1750,2127.474246
Efficiency-focused,178,3125.186245,4.771952,1750,2027.640656
Efficiency-focused,179,3046.001004,6.007450,1750,1991.728102
Efficiency-focused,180,3155.203874,5.224396,1750,2065.610801
Efficiency-focused,181,3144.305396,6.271114,1750,2010.788249
Efficiency-focused,182,3179.052791,5.058069,1750,2061.758691
Efficiency-focused,183,3161.692984,6.657777,1750,2040.132059
Efficiency-focused,184,3241.405740,7.692601,1750,2099.739012
Efficiency-focused,185,3240.734291,6.548851,1750,2100.986409
Efficiency-focused,186,3209.574877,7.455224,1750,2080.593835
Efficiency-focused,187,3166.674456,5.614177,1750,2016.359280
Efficiency-focused,188,3101.515843,6.771515,1750,2023.611642
Efficiency-focused,189,3133.041383,5.158674,1750,2056.547008
Efficiency-focused,190,3043.541533,6.253525,1750,1937.970984
Efficiency-focused,191,2967.874478,7.731231,1750,1908.459542
Efficiency-focused,192,3213.225672,5.780675,1750,2082.613646
Efficiency-focused,193,3098.346662,6.685229,1750,2026.101261
Efficiency-focused,194,3063.337509,6.624451,1750,2004.984535
Efficiency-focused,195,3151.253798,6.231904,1750,2051.410952
Efficiency-focused,196,3141.380224,6.988984,1750,2025.714383
Efficiency-focused,197,3092.211939,7.936567,1750,2019.739984
Efficiency-focused,198,3150.076575,7.357259,1750,2031.385689
Efficiency-focused,199,3179.879573,5.697208,1750,2072.602789
Efficiency-focused,200,3178.010852,6.863097,1750,2051.921098
Efficiency-focused,201,2992.195408,7.998043,1750,1942.240835
Efficiency-focused,202,3147.094196,5.257683,1750,2042.034765
Efficiency-focused,203,3103.619882,5.781019,1750,1986.381643
Efficiency-focused,204,3105.084937,7.510108,1750,2010.591149
Efficiency-focused,205,3138.595012,7.411769,1750,2028.914237
Efficiency-focused,206,3142.754803,7.127176,1750,2042.548602
Efficiency-focused,207,3099.687144,8.521631,1750,2002.929404
Efficiency-focused,208,3131.041813,7.105197,1750,2029.522528
Efficiency-focused,209,3152.803928,6.965064,1750,2036.378380
Efficiency-focused,210,3179.555270,6.147818,1750,2046.616696
Efficiency-focused,211,3100.912820,6.889667,1750,2000.743163
Efficiency-focused,212,3232.919324,6.604981,1750,2089.577578
Efficiency-focused,213,3091.473252,5.500794,1750,1990.409739
Efficiency-focused,214,3135.072423,5.298943,1750,2037.936460
Efficiency-focused,215,3261.177180,6.106415,1750,2138.866426
Efficiency-focused,216,3125.622519,6.841122,1750,2030.259945
Efficiency-focused,217,3035.445272,6.748122,1750,1979.105980
Efficiency-focused,218,3031.378817,6.779378,1750,1965.522931
Efficiency-focused,219,3035.873113,5.569818,1750,1988.394974
Efficiency-focused,220,3173.291499,7.752825,1750,2072.275517
Efficiency-focused,221,3142.996801,6.144912,1750,2040.616334
Efficiency-focused,222,3244.526065,7.776181,1750,2081.992678
Efficiency-focused,223,3202.436125,4.853408,1750,2105.371919
Efficiency-focused,224,3040.516353,7.681943,1750,1998.157985
Efficiency-focused,225,3061.139400,5.484948,1750,1984.520780
Efficiency-focused,226,3024.604665,7.827950,1750,1943.201069
Efficiency-focused,227,3003.632478,8.265438,1750,1954.653853
Efficiency-focused,228,3121.123996,6.484700,1750,2037.853095
Efficiency-focused,229,3085.593483,5.588320,1750,2007.294541
Efficiency-focused,230,3087.302638,6.909883,1750,1971.591740
Efficiency-focused,231,3160.216317,5.657793,1750,2039.240824
Efficiency-focused,232,3183.067700,7.350112,1750,2053.111077
Efficiency-focused,233,3181.296902,5.593622,1750,2043.124819
Efficiency-focused,234,3044.052932,7.641648,1750,1981.254694
Efficiency-focused,235,3194.901499,5.357769,1750,2067.874783
Efficiency-focused,236,3122.335229,6.103164,1750,2064.704862
Efficiency-focused,237,3068.572260,6.388697,1750,1989.380505
Efficiency-focused,238,3005.610316,6.688219,1750,1947.195290
Efficiency-focused,239,3097.992049,6.323281,1750,2015.173948
Efficiency-focused,240,2942.708963,5.768638,1750,1924.873391
Efficiency-focused,241,3289.756917,6.026723,1750,2146.191727
Efficiency-focused,242,3103.958235,7.039565,1750,1991.851165
Efficiency-focused,243,3067.528544,7.907085,1750,2020.178969
Efficiency-focused,244,3164.973702,6.921735,1750,2041.073479
Efficiency-focused,245,3225.525018,6.367691,1750,2092.635863
Efficiency-focused,246,3058.443610,5.764837,1750,1999.585663
Efficiency-focused,247,3047.686806,5.439026,1750,1992.504106
Efficiency-focused,248,3046.075060,6.751784,1750,1995.920918
Efficiency-focused,249,3100.169349,5.628601,1750,1975.399223
Efficiency-focused,250,3068.522325,7.600278,1750,2010.960448
Efficiency-focused,251,3145.570972,7.857087,1750,2026.145589
Efficiency-focused,252,3217.831308,4.491143,1750,2080.650899
Efficiency-focused,253,2983.419235,6.485447,1750,1972.109570
Efficiency-focused,254,3136.105181,6.310322,1750,2035.968666
Efficiency-focused,255,3253.286806,5.684864,1750,2120.146860
Efficiency-focused,256,3086.363030,4.876818,1750,2009.012620
Efficiency-focused,257,3087.757018,6.956839,1750,2000.569402
Efficiency-focused,258,3160.179173,8.306004,1750,2033.521134
Efficiency-focused,259,3179.491311,5.914449,1750,2093.067629
Efficiency-focused,260,3126.321967,5.204030,1750,2008.535496
Efficiency-focused,261,3189.483952,6.033776,1750,2076.402603
Efficiency-focused,262,2955.254504,5.544900,1750,1918.614479
Efficiency-focused,263,3105.282469,6.170751,1750,1997.403031
Efficiency-focused,264,2965.578197,7.841695,1750,1925.980379
Efficiency-focused,265,3013.732439,6.529535,1750,1958.822444
Efficiency-focused,266,3136.736871,7.204886,1750,2036.007775
Efficiency-focused,267,3148.271657,7.179417,1750,2056.567043
Efficiency-focused,268,3107.307236,7.660775,1750,2022.580467
Efficiency-focused,269,3173.744635,7.736430,1750,2071.371459
Efficiency-focused,270,3105.965486,6.503626,1750,1993.536495
Efficiency-focused,271,3149.950041,5.220371,1750,2033.184501
Efficiency-focused,272,3227.236981,7.041924,1750,2093.756572
Efficiency-focused,273,3146.032342,5.120788,1750,2054.851906
Efficiency-focused,274,3147.347530,7.378380,1750,2015.392751
Efficiency-focused,275,3061.887487,4.908839,1750,1986.548667
Efficiency-focused,276,3118.386659,6.430029,1750,2066.162488
Efficiency-focused,277,3109.223032,6.789385,1750,2057.407749
Efficiency-focused,278,3176.160629,5.706621,1750,2037.773183
Efficiency-focused,279,3127.598636,7.163585,1750,2023.736997
Efficiency-focused,280,3017.976449,5.550988,1750,1972.490036
Efficiency-focused,281,3196.354315,7.302635,1750,2101.203393
Efficiency-focused,282,3193.355282,5.094962,1750,2065.051013
Efficiency-focused,283,3065.687019,5.024396,1750,1979.426041
Efficiency-focused,284,3050.804572,3.675616,1750,1970.200013
Efficiency-focused,285,3156.345474,6.705014,1750,2044.446453
Efficiency-focused,286,3003.986387,6.207110,1750,1973.805273
Efficiency-focused,287,3138.935201,5.454132,1750,2039.014196
Efficiency-focused,288,3171.575250,5.481811,1750,2026.811245
Efficiency-focused,289,3097.950136,5.961250,1750,2040.489118
Efficiency-focused,290,3068.355416,6.022308,1750,1938.968449
Efficiency-focused,291,3173.738659,5.889661,1750,2060.634393
Efficiency-focused,292,3222.842331,7.275060,1750,2125.335744
Efficiency-focused,293,3183.726582,6.157559,1750,2100.516265
Efficiency-focused,294,3099.568516,7.823899,1750,2016.425535
Efficiency-focused,295,3212.657776,5.213652,1750,2093.726238
Efficiency-focused,296,3112.664358,5.469855,1750,2007.592644
Efficiency-focused,297,3145.078351,7.064684,1750,2033.734021
Efficiency-focused,298,3047.766148,6.828293,1750,1971.796305
Efficiency-focused,299,3024.454410,7.262229,1750,1953.978756
Efficiency-focused,300,3146.950329,7.015734,1750,2030.028073
Efficiency-focused,301,3136.448042,8.115930,1750,2024.566113
Efficiency-focused,302,3130.465882,6.048238,1750,2013.057165
Efficiency-focused,303,3252.214886,5.248109,1750,2109.443469
Efficiency-focused,304,3056.169780,7.064876,1750,1966.920892
Efficiency-focused,305,3095.239878,5.750630,1750,1990.364787
Efficiency-focused,306,3068.890807,8.356906,1750,1979.498664
Efficiency-focused,307,3163.108827,6.779342,1750,2056.286599
Efficiency-focused,308,3194.964886,7.433463,1750,2085.248375
Efficiency-focused,309,3120.953951,7.617123,1750,2013.670516
Efficiency-focused,310,3223.924074,5.961976,1750,2077.567533
Efficiency-focused,311,3146.292213,6.544432,1750,2041.101584
Efficiency-focused,312,3083.881254,5.998536,1750,1990.649544
Efficiency-focused,313,3166.638000,8.000143,1750,2082.082807
Efficiency-focused,314,3116.106316,4.970849,1750,2016.376302
Efficiency-focused,315,3054.902438,7.200330,1750,1990.965633
Efficiency-focused,316,3305.905672,5.225304,1750,2154.039554
Efficiency-focused,317,3046.864577,6.586347,1750,1993.971512
Efficiency-focused,318,3107.470758,6.029959,1750,2013.702371
Efficiency-focused,319,3092.013811,5.679756,1750,1975.762927
Efficiency-focused,320,3114.159307,7.156363,1750,2045.626611
Efficiency-focused,321,3126.805792,5.475397,1750,1984.293339
Efficiency-focused,322,2974.314682,6.867069,1750,1930.218490
Efficiency-focused,323,3059.715021,5.387590,1750,1998.209930
Efficiency-focused,324,3060.759789,6.829500,1750,1992.275814
Efficiency-focused,325,3113.926970,5.938946,1750,2033.106839
Efficiency-focused,326,3104.132071,4.841364,1750,2053.099371
Efficiency-focused,327,3114.222175,5.459484,1750,2048.292182
Efficiency-focused,328,3104.344767,6.214653,1750,2033.588083
Efficiency-focused,329,3145.919441,5.189737,1750,2031.223300
Efficiency-focused,330,3186.665542,6.387467,1750,2078.547809
Efficiency-focused,331,3073.602886,6.201544,1750,1982.812194
Efficiency-focused,332,3141.664381,6.120505,1750,2049.741029
Efficiency-focused,333,3090.290458,6.151184,1750,2008.563002
Efficiency-focused,334,3121.200802,5.733020,1750,2035.636206
Efficiency-focused,335,3059.829115,4.548287,1750,1981.547293
Efficiency-focused,336,3279.065262,5.520744,1750,2123.855317
Efficiency-focused,337,3116.362823,5.843232,1750,2030.055757
Efficiency-focused,338,3116.662857,8.622284,1750,2012.170158
Efficiency-focused,339,3107.299613,4.983030,1750,2032.595704
Efficiency-focused,340,3101.066943,4.947289,1750,2035.399404
Efficiency-focused,341,3121.391195,7.742434,1750,1999.382177
Efficiency-focused,342,3103.318191,6.910489,1750,2019.558972
Efficiency-focused,343,3053.699301,6.435966,1750,1992.569713
Efficiency-focused,344,3028.252299,7.776772,1750,1951.212516
Efficiency-focused,345,3052.428807,8.191380,1750,1972.878610
Efficiency-focused,346,3182.522688,7.440809,1750,2062.547614
Efficiency-focused,347,3148.740352,6.030795,1750,1998.868108
Efficiency-focused,348,3103.781534,6.760409,1750,1989.505378
Efficiency-focused,349,3100.493685,6.734383,1750,2011.362955
Efficiency-focused,350,3181.374380,5.772292,1750,2062.253330
Efficiency-focused,351,3188.210523,7.441334,1750,2065.796980
Efficiency-focused,352,3079.761706,6.127182,1750,2002.309698
Efficiency-focused,353,3119.441108,7.528541,1750,2036.667045
Efficiency-focused,354,3195.421200,6.355888,1750,2071.209506
Efficiency-focused,355,3194.519113,7.909397,1750,2038.033858
Efficiency-focused,356,3151.238441,6.382731,1750,2040.675743
Efficiency-focused,357,3106.257636,7.254783,1750,2042.488858
Efficiency-focused,358,3070.439246,6.209445,1750,1982.106286
Efficiency-focused,359,3067.265307,5.817317,1750,2010.598325
Efficiency-focused,360,3251.989933,7.058412,1750,2110.768086
Efficiency-focused,361,3185.229905,5.020375,1750,2079.311300
Efficiency-focused,362,3163.156816,7.381705,1750,2074.916174
Efficiency-focused,363,3226.101882,4.661984,1750,2107.439497
Efficiency-focused,364,3059.644317,5.110221,1750,1970.957186
Efficiency-focused,365,3040.767742,6.968092,1750,1977.307089
Efficiency-focused,366,3099.067928,8.797831,1750,2008.759833
Efficiency-focused,367,3152.215214,5.444131,1750,2062.556778
Efficiency-focused,368,3118.461784,6.075455,1750,2025.319564
Efficiency-focused,369,3037.429818,5.936885,1750,1956.596570
Efficiency-focused,370,3132.711664,6.423664,1750,2045.363866
Efficiency-focused,371,3064.811114,6.697450,1750,2014.501811
Efficiency-focused,372,3046.577962,6.829156,1750,1991.871717
Efficiency-focused,373,3124.616340,6.250638,1750,2011.368115
Efficiency-focused,374,3155.606264,7.963917,1750,2029.459371
Efficiency-focused,375,3072.402238,5.996985,1750,1980.030198
Efficiency-focused,376,3069.587480,6.905251,1750,1998.534306
Efficiency-focused,377,3174.296712,6.856946,1750,2060.928954
Efficiency-focused,378,3140.075343,7.392459,1750,2039.459732
Efficiency-focused,379,3011.327966,7.440501,1750,1966.493745
Efficiency-focused,380,3122.470899,8.170111,1750,2032.396831
Efficiency-focused,381,3302.543202,5.483430,1750,2126.921703
Efficiency-focused,382,3193.636099,8.480168,1750,2051.009494
Efficiency-focused,383,3178.021887,5.648832,1750,2070.027193
Efficiency-focused,384,3099.151455,5.890949,1750,2026.035698
Efficiency-focused,385,3139.828360,6.724441,1750,2003.962492
Efficiency-focused,386,3122.610615,7.897182,1750,2030.212212
Efficiency-focused,387,3170.657310,5.742180,1750,2064.296022
Efficiency-focused,388,3111.344826,5.835320,1750,2046.319254
Efficiency-focused,389,3068.434500,7.476910,1750,1987.466292
Efficiency-focused,390,3083.751485,7.911672,1750,2010.337393
Efficiency-focused,391,3212.933903,5.379109,1750,2093.941277
Efficiency-focused,392,3142.921593,7.032785,1750,2042.667388
Efficiency-focused,393,3113.900300,6.189507,1750,2014.161951
Efficiency-focused,394,3032.206167,7.752288,1750,1970.069034
Efficiency-focused,395,3090.359695,6.070269,1750,2006.553307
Efficiency-focused,396,3087.425884,4.456491,1750,1995.836471
Efficiency-focused,397,3152.784278,5.141815,1750,2043.542422
Efficiency-focused,398,3145.795190,6.633944,1750,2034.354124
Efficiency-focused,399,3087.734656,6.287116,1750,1981.756396
Efficiency-focused,400,3091.494551,5.797826,1750,2001.074698
Efficiency-focused,401,3140.186721,7.135564,1750,2038.042859
Efficiency-focused,402,3131.975214,7.127231,1750,2028.312121
Efficiency-focused,403,3206.822798,6.092513,1750,2085.801021
Efficiency-focused,404,3087.911525,6.359133,1750,2034.744682
Efficiency-focused,405,3159.174404,4.090840,1750,2102.359202
Efficiency-focused,406,3158.063279,8.018768,1750,2047.460287
Efficiency-focused,407,3030.232385,5.264157,1750,1975.168615
Efficiency-focused,408,3128.487907,7.818515,1750,2036.316700
Efficiency-focused,409,3226.980038,5.280686,1750,2081.362899
Efficiency-focused,410,3120.215341,5.633643,1750,2044.696623
Efficiency-focused,411,3250.989774,5.525646,1750,2134.610736
Efficiency-focused,412,3116.284129,6.119348,1750,2032.437074
Efficiency-focused,413,3119.585312,7.985552,1750,2028.385816
Efficiency-focused,414,3167.306033,7.363750,1750,2053.695066
Efficiency-focused,415,3003.249853,6.150918,1750,1974.728968
Efficiency-focused,416,3109.748671,6.044076,1750,2037.835889
Efficiency-focused,417,3138.883109,9.037295,1750,2018.291832
Efficiency-focused,418,3151.499055,7.370782,1750,2055.681967
Efficiency-focused,419,3059.078553,6.320509,1750,2017.979495
Efficiency-focused,420,3155.155083,5.554084,1750,2079.392089
Efficiency-focused,421,3066.404294,6.888353,1750,1997.422417
Efficiency-focused,422,3098.660837,7.697472,1750,2000.273695
Efficiency-focused,423,3197.118824,7.547698,1750,2078.560251
Efficiency-focused,424,3106.662871,6.251741,1750,2004.128331
Efficiency-focused,425,3151.726258,7.541926,1750,2053.470305
Efficiency-focused,426,3129.819723,8.071654,1750,2024.677372
Efficiency-focused,427,3019.861805,4.678372,1750,1951.611321
Efficiency-focused,428,3164.059843,6.707513,1750,2087.186232
Efficiency-focused,429,3124.936194,5.120498,1750,2035.162846
Efficiency-focused,430,3072.499502,5.578572,1750,1990.562199
Efficiency-focused,431,3128.745163,6.535848,1750,2040.407160
Efficiency-focused,432,3039.637894,6.983197,1750,2011.062756
Efficiency-focused,433,3166.462553,4.833453,1750,2039.622524
Efficiency-focused,434,3246.724774,4.808392,1750,2116.936676
Efficiency-focused,435,3175.012807,7.489030,1750,2073.266593
Efficiency-focused,436,3116.771541,7.573114,1750,2026.702347
Efficiency-focused,437,3041.914083,5.258556,1750,1992.321640
Efficiency-focused,438,3083.152419,5.565986,1750,1982.257478
Efficiency-focused,439,3178.799414,8.189109,1750,2042.418375
Efficiency-focused,440,2922.324247,7.544416,1750,1887.321444
Efficiency-focused,441,3163.206828,6.386461,1750,2097.453017
Efficiency-focused,442,3197.746698,5.000600,1750,2103.576735
Efficiency-focused,443,3070.019958,6.682549,1750,1977.069814
Efficiency-focused,444,3145.862560,6.241609,1750,2053.244033
Efficiency-focused,445,3116.777199,4.470971,1750,2042.367638
Efficiency-focused,446,3073.936337,6.504728,1750,1992.898958
Efficiency-focused,447,3087.036410,4.546127,1750,2007.170068
Efficiency-focused,448,3018.641034,6.346038,1750,1983.477701
Efficiency-focused,449,3115.916349,5.877035,1750,2010.461349
Efficiency-focused,450,3025.935591,6.674077,1750,1973.218915
Efficiency-focused,451,3153.372241,6.109651,1750,2058.021912
Efficiency-focused,452,3255.206484,8.177242,1750,2121.476977
Efficiency-focused,453,2949.347068,5.186960,1750,1929.169819
Efficiency-focused,454,3108.259423,7.793444,1750,2016.528742
Efficiency-focused,455,3080.732279,5.776325,1750,2001.963600
Efficiency-focused,456,3111.578755,8.519766,1750,2012.544660
Efficiency-focused,457,3121.016377,6.618797,1750,2025.823761
Efficiency-focused,458,3031.145799,7.788928,1750,1938.305071
Efficiency-focused,459,3216.188554,7.039795,1750,2063.213030
Efficiency-focused,460,3191.815400,6.254822,1750,2083.039431
Efficiency-focused,461,3072.717289,6.775151,1750,1989.902201
Efficiency-focused,462,3062.314689,5.688400,1750,1951.230824
Efficiency-focused,463,3173.448371,6.331529,1750,2034.649667
Efficiency-focused,464,3087.430656,6.688471,1750,2006.903299
Efficiency-focused,465,3248.591500,6.923433,1750,2090.002693
Efficiency-focused,466,3166.658812,6.642559,1750,2065.823843
Efficiency-focused,467,3238.577227,6.463108,1750,2098.676135
Efficiency-focused,468,3116.447238,7.589578,1750,2027.354566
Efficiency-focused,469,3191.039254,6.161043,1750,2049.727694
Efficiency-focused,470,3082.457524,5.670535,1750,2015.070749
Efficiency-focused,471,3151.781998,5.714449,1750,2063.668006
Efficiency-focused,472,3096.411485,6.474568,1750,1999.647616
Efficiency-focused,473,3174.595469,5.135285,1750,2065.165719
Efficiency-focused,474,3156.593097,6.535945,1750,2038.484390
Efficiency-focused,475,3151.829607,8.095501,1750,2073.616923
Efficiency-focused,476,3079.604989,6.635657,1750,2009.852030
Efficiency-focused,477,3088.991943,5.682471,1750,1995.320846
Efficiency-focused,478,3106.025250,6.265400,1750,2018.688640
Efficiency-focused,479,3098.136302,6.865211,1750,2006.160413
Efficiency-focused,480,3138.043489,6.943092,1750,2052.219998
Efficiency-focused,481,3105.953346,6.215492,1750,2014.838130
Efficiency-focused,482,3081.453191,7.557606,1750,2006.577188
Efficiency-focused,483,3110.682360,7.733809,1750,2020.368964
Efficiency-focused,484,3102.750258,7.495643,1750,2062.721801
Efficiency-focused,485,3046.934048,7.536292,1750,1954.101993
Efficiency-focused,486,3165.532854,6.844060,1750,2071.311277
Efficiency-focused,487,3139.492528,7.456403,1750,2007.980800
Efficiency-focused,488,3118.067255,6.840735,1750,2024.552252
Efficiency-focused,489,3183.185782,6.354170,1750,2102.665364
Efficiency-focused,490,3125.775943,5.440111,1750,2049.970858
Efficiency-focused,491,3171.130019,7.678483,1750,2060.092904
Efficiency-focused,492,3093.480209,5.739110,1750,2034.534255
Efficiency-focused,493,3112.355348,6.952837,1750,1994.320257
Efficiency-focused,494,3058.815044,8.140291,1750,1963.428551
Efficiency-focused,495,3033.752504,6.623395,1750,1974.889180
Efficiency-focused,496,3133.848262,3.977358,1750,2023.066532
Efficiency-focused,497,3125.110987,5.776365,1750,2043.783611
Efficiency-focused,498,3109.511897,5.836390,1750,2010.743976
Efficiency-focused,499,3183.636820,5.617865,1750,2047.280368
Efficiency-focused,500,3142.831276,6.408350,1750,2040.097635
Balanced,1,3646.382121,9.507039,1250,2363.031565
Balanced,2,3666.565316,7.559177,1250,2404.095974
Balanced,3,3623.714435,8.660731,1250,2337.482495
Balanced,4,3535.484228,8.123665,1250,2298.523197
Balanced,5,3659.838800,8.324453,1250,2384.837565
Balanced,6,3653.303959,9.162386,1250,2379.306186
Balanced,7,3690.817418,9.182455,1250,2394.060977
Balanced,8,3629.772093,9.920345,1250,2366.193295
Balanced,9,3523.467046,8.936899,1250,2284.107107
Balanced,10,3653.698916,8.203073,1250,2374.442585
Balanced,11,3704.517857,8.952770,1250,2410.888649
Balanced,12,3640.611651,8.654080,1250,2371.912308
Balanced,13,3681.701339,8.608882,1250,2379.758334
Balanced,14,3677.984262,6.941090,1250,2378.098443
Balanced,15,3690.270373,9.295071,1250,2382.674457
Balanced,16,3651.423394,7.503440,1250,2398.024245
Balanced,17,3594.687232,7.041366,1250,2353.476633
Balanced,18,3565.203539,9.115823,1250,2324.380024
Balanced,19,3665.371763,8.597939,1250,2372.755912
Balanced,20,3619.605571,10.012571,1250,2364.737133
Balanced,21,3608.352096,6.615589,1250,2350.504874
Balanced,22,3593.784314,7.392104,1250,2324.546220
Balanced,23,3621.965815,7.323925,1250,2337.026691
Balanced,24,3690.897348,8.976106,1250,2413.320667
Balanced,25,3526.614028,7.413346,1250,2278.285508
Balanced,26,3664.261754,8.982296,1250,2396.011395
Balanced,27,3649.463192,9.321975,1250,2362.240414
Balanced,28,3539.807739,7.500657,1250,2293.097144
Balanced,29,3628.265784,8.329128,1250,2339.918125
Balanced,30,3738.861405,9.201615,1250,2425.841448
Balanced,31,3661.456378,7.251914,1250,2390.113545
Balanced,32,3603.996080,8.638706,1250,2335.111998
Balanced,33,3651.012649,8.218017,1250,2377.358674
Balanced,34,3649.897528,8.250586,1250,2357.662825
Balanced,35,3641.876051,7.835166,1250,2377.197083
Balanced,36,3667.493925,8.002245,1250,2379.957694
Balanced,37,3645.544712,10.118850,1250,2398.140418
Balanced,38,3568.940884,7.331824,1250,2322.423647
Balanced,39,3629.053824,6.890652,1250,2357.280931
Balanced,40,3602.505006,7.626465,1250,2352.934513
Balanced,41,3636.488154,8.540116,1250,2364.117706
Balanced,42,3655.347389,9.230770,1250,2365.558023
Balanced,43,3673.411624,8.744948,1250,2376.188814
Balanced,44,3605.416801,8.195951,1250,2349.328322
Balanced,45,3691.960684,8.874534,1250,2418.168267
Balanced,46,3693.243303,8.185120,1250,2398.423565
Balanced,47,3652.800646,9.587218,1250,2397.816235
Balanced,48,3657.320642,8.948390,1250,2405.452083
Balanced,49,3635.525249,8.865255,1250,2348.141794
Balanced,50,3684.086134,9.923319,1250,2402.489434
Balanced,51,3686.364922,7.889565,1250,2405.144816
Balanced,52,3657.720066,9.312763,1250,2368.342203
Balanced,53,3672.671089,7.694989,1250,2388.526584
Balanced,54,3644.111987,8.677958,1250,2338.631881
Balanced,55,3645.294078,8.132370,1250,2357.230049
Balanced,56,3616.258484,8.323961,1250,2332.219920
Balanced,57,3677.605298,9.154822,1250,2382.151692
Balanced,58,3692.768123,8.754119,1250,2400.011086
Balanced,59,3644.934357,8.040827,1250,2383.832014
Balanced,60,3609.996097,8.910312,1250,2346.142903
Balanced,61,3664.714234,9.678074,1250,2367.717955
Balanced,62,3637.404206,8.697020,1250,2344.233287
Balanced,63,3549.126513,8.556393,1250,2310.978875
Balanced,64,3611.145414,9.021286,1250,2365.594182
Balanced,65,3687.505033,8.285803,1250,2410.154066
Balanced,66,3682.235385,9.165142,1250,2387.460561
Balanced,67,3665.270881,8.986768,1250,2370.400381
Balanced,68,3634.155083,7.607790,1250,2365.007060
Balanced,69,3675.477506,7.297935,1250,2384.848948
Balanced,70,3600.356628,8.616162,1250,2335.744850
Balanced,71,3689.345024,8.397908,1250,2413.590169
Balanced,72,3653.123562,9.152111,1250,2377.487582
Balanced,73,3694.156448,8.809405,1250,2404.726861
Balanced,74,3603.282161,7.714885,1250,2325.664804
Balanced,75,3659.072012,7.822648,1250,2382.706296
Balanced,76,3657.031784,8.452053,1250,2382.068623
Balanced,77,3669.058630,7.591558,1250,2367.810999
Balanced,78,3581.943053,7.612753,1250,2322.521790
Balanced,79,3676.275014,8.522893,1250,2388.338399
Balanced,80,3715.015794,8.943151,1250,2422.111120
Balanced,81,3753.632801,8.578752,1250,2429.109339
Balanced,82,3648.763113,7.434952,1250,2388.166683
Balanced,83,3614.392531,8.096581,1250,2326.523390
Balanced,84,3553.460588,8.088404,1250,2308.427942
Balanced,85,3776.322399,7.982022,1250,2441.385772
Balanced,86,3674.048762,9.021034,1250,2384.044418
Balanced,87,3579.286503,8.746306,1250,2327.324718
Balanced,88,3655.309238,7.796623,1250,2376.072689
Balanced,89,3620.310413,7.834812,1250,2341.704455
Balanced,90,3657.062982,8.453717,1250,2400.515776
Balanced,91,3621.463000,9.316478,1250,2356.239226
Balanced,92,3706.664406,8.891814,1250,2421.930297
Balanced,93,3572.349357,9.018949,1250,2332.678712
Balanced,94,3686.487932,8.076771,1250,2411.393282
Balanced,95,3675.414029,8.694142,1250,2375.555760
Balanced,96,3643.863982,6.510440,1250,2363.577195
Balanced,97,3578.811829,9.179277,1250,2318.171051
Balanced,98,3654.523730,8.225988,1250,2356.487222
Balanced,99,3670.213550,8.611574,1250,2386.988061
Balanced,100,3676.992931,8.179944,1250,2378.090414
Balanced,101,3590.777541,7.226670,1250,2362.904786
Balanced,102,3653.437747,7.697571,1250,2377.975359
Balanced,103,3667.547370,8.648205,1250,2386.549994
Balanced,104,3644.393168,9.384568,1250,2374.924485
Balanced,105,3593.456461,9.243681,1250,2301.013182
Balanced,106,3677.411668,8.913100,1250,2379.115189
Balanced,107,3594.233818,8.014955,1250,2328.771070
Balanced,108,3647.613225,9.967715,1250,2370.753098
Balanced,109,3661.950545,9.117648,1250,2365.583984
Balanced,110,3681.063204,10.102807,1250,2383.755558
Balanced,111,3665.963232,8.833068,1250,2381.944838
Balanced,112,3705.217593,9.208906,1250,2416.553123
Balanced,113,3560.066782,7.538760,1250,2309.193228
Balanced,114,3585.464906,7.903948,1250,2325.176468
Balanced,115,3694.577580,7.379631,1250,2397.513866
Balanced,116,3605.823239,8.067897,1250,2343.764662
Balanced,117,3663.043192,7.900589,1250,2394.205465
Balanced,118,3665.501652,7.530211,1250,2384.711389
Balanced,119,3547.099614,9.318473,1250,2292.274508
Balanced,120,3504.879998,9.533810,1250,2274.990788
Balanced,121,3702.254274,8.115342,1250,2411.497190
Balanced,122,3642.874275,7.999204,1250,2376.289418
Balanced,123,3649.994881,8.832579,1250,2364.312931
Balanced,124,3717.575796,7.754835,1250,2395.173436
Balanced,125,3626.058468,9.632172,1250,2364.862654
Balanced,126,3651.085914,8.780040,1250,2372.443634
Balanced,127,3663.224311,9.412561,1250,2373.323339
Balanced,128,3609.075872,7.439616,1250,2337.139835
Balanced,129,3694.256960,7.105731,1250,2401.068410
Balanced,130,3627.411046,7.462382,1250,2368.303807
Balanced,131,3571.029552,9.731469,1250,2321.929290
Balanced,132,3600.897734,9.587366,1250,2336.539970
Balanced,133,3629.452281,8.511375,1250,2338.981662
Balanced,134,3701.998155,7.494757,1250,2412.987644
Balanced,135,3704.371547,8.435395,1250,2412.407847
Balanced,136,3648.847474,8.424376,1250,2369.085528
Balanced,137,3719.657770,8.197298,1250,2426.880513
Balanced,138,3637.998027,8.196543,1250,2355.377773
Balanced,139,3657.776948,8.824076,1250,2387.877282
Balanced,140,3605.428017,8.410857,1250,2346.284334
Balanced,141,3721.684935,10.591677,1250,2403.260989
Balanced,142,3638.874623,9.220804,1250,2381.506251
Balanced,143,3566.020257,7.421858,1250,2324.344013
Balanced,144,3607.466050,9.546610,1250,2343.037381
Balanced,145,3715.951620,9.406711,1250,2421.467291
Balanced,146,3583.423910,9.202177,1250,2326.513978
Balanced,147,3683.232362,8.747107,1250,2398.549911
Balanced,148,3543.799582,9.280871,1250,2306.693443
Balanced,149,3521.035975,8.957074,1250,2286.403407
Balanced,150,3694.398990,11.236968,1250,2406.178231
Balanced,151,3743.153365,8.322818,1250,2448.581060
Balanced,152,3632.749104,7.773151,1250,2356.569839
Balanced,153,3550.174833,8.070195,1250,2322.238546
Balanced,154,3631.727651,8.619722,1250,2352.647871
Balanced,155,3652.248189,8.052290,1250,2376.933640
Balanced,156,3590.938364,8.701117,1250,2329.825836
Balanced,157,3694.500893,9.259072,1250,2415.745432
Balanced,158,3662.982160,9.108807,1250,2368.895300
Balanced,159,3657.102450,7.732905,1250,2402.602401
Balanced,160,3629.292153,9.645670,1250,2349.257952
Balanced,161,3588.681070,7.850297,1250,2329.426380
Balanced,162,3583.403992,9.683744,1250,2344.691126
Balanced,163,3609.320395,9.019024,1250,2339.916604
Balanced,164,3617.487437,9.420923,1250,2375.480622
Balanced,165,3585.906161,8.573555,1250,2313.525356
Balanced,166,3648.916338,10.561887,1250,2379.120147
Balanced,167,3624.142041,8.237268,1250,2345.195770
Balanced,168,3567.827757,8.196100,1250,2318.834171
Balanced,169,3656.291959,9.127421,1250,2369.746969
Balanced,170,3762.300437,7.014856,1250,2441.560256
Balanced,171,3683.936384,8.739480,1250,2386.569013
Balanced,172,3659.986122,7.106826,1250,2399.939671
Balanced,173,3605.665840,9.667054,1250,2349.006592
Balanced,174,3696.207096,8.386896,1250,2399.383814
Balanced,175,3664.242865,8.610988,1250,2394.079027
Balanced,176,3735.474596,8.720857,1250,2440.292833
Balanced,177,3697.417757,8.413780,1250,2427.738108
Balanced,178,3584.749218,10.740234,1250,2342.886554
Balanced,179,3636.714319,8.238783,1250,2371.094558
Balanced,180,3593.382103,9.290856,1250,2347.052619
Balanced,181,3729.124377,9.424110,1250,2428.154826
Balanced,182,3727.496483,9.203527,1250,2438.822815
Balanced,183,3678.066238,7.043479,1250,2402.144927
Balanced,184,3718.755098,7.993100,1250,2409.411104
Balanced,185,3602.036840,8.834842,1250,2351.064599
Balanced,186,3582.999612,8.720617,1250,2316.768241
Balanced,187,3641.937888,7.753427,1250,2354.852769
Balanced,188,3644.297105,9.144835,1250,2382.336338
Balanced,189,3589.897165,7.362464,1250,2365.612541
Balanced,190,3621.988770,8.995247,1250,2353.225387
Balanced,191,3690.377564,8.836529,1250,2400.094714
Balanced,192,3604.470974,9.501769,1250,2340.890864
Balanced,193,3644.252654,8.947159,1250,2368.117280
Balanced,194,3684.394492,7.637618,1250,2385.475535
Balanced,195,3641.085763,7.753376,1250,2356.660622
Balanced,196,3589.230300,8.211867,1250,2329.631271
Balanced,197,3548.735415,8.077928,1250,2317.332328
Balanced,198,3630.590716,7.461620,1250,2345.186395
Balanced,199,3660.407223,7.383627,1250,2404.897020
Balanced,200,3670.261340,10.055996,1250,2380.639031
Balanced,201,3576.693835,6.974378,1250,2331.400067
Balanced,202,3629.843193,8.666547,1250,2358.655307
Balanced,203,3699.457852,9.140522,1250,2404.225262
Balanced,204,3623.376402,7.588801,1250,2346.601576
Balanced,205,3707.845548,8.588877,1250,2422.029494
Balanced,206,3666.835875,8.029132,1250,2399.447477
Balanced,207,3630.810029,7.394741,1250,2357.027768
Balanced,208,3714.087744,9.133364,1250,2422.740293
Balanced,209,3614.080761,8.395123,1250,2352.630157
Balanced,210,3619.893464,8.805467,1250,2372.180006
Balanced,211,3640.872502,7.536157,1250,2342.844941
Balanced,212,3665.435965,8.128903,1250,2371.976327
Balanced,213,3567.112079,9.968163,1250,2328.250871
Balanced,214,3550.237238,7.562486,1250,2312.805269
Balanced,215,3626.588205,10.390251,1250,2352.967043
Balanced,216,3652.891144,9.406188,1250,2385.037431
Balanced,217,3667.894456,9.346555,1250,2389.597563
Balanced,218,3678.458847,9.378302,1250,2396.384978
Balanced,219,3682.119545,8.033110,1250,2403.084849
Balanced,220,3688.208474,7.609315,1250,2416.157686
Balanced,221,3620.071446,8.324507,1250,2348.953046
Balanced,222,3676.007978,9.921562,1250,2389.164725
Balanced,223,3657.087469,8.470666,1250,2395.246089
Balanced,224,3634.534479,7.642414,1250,2356.393744
Balanced,225,3683.031589,7.137206,1250,2397.453195
Balanced,226,3643.638606,8.340281,1250,2360.796251
Balanced,227,3567.020382,8.598451,1250,2328.076209
Balanced,228,3685.696125,9.325466,1250,2407.157344
Balanced,229,3569.650914,9.624074,1250,2329.983166
Balanced,230,3687.226158,8.381048,1250,2375.252667
Balanced,231,3719.255713,8.495661,1250,2397.405897
Balanced,232,3717.835344,9.000481,1250,2409.959111
Balanced,233,3640.303744,6.214463,1250,2373.115463
Balanced,234,3652.911776,7.833002,1250,2381.075318
Balanced,235,3739.488295,8.296822,1250,2426.641811
Balanced,236,3656.920118,9.575563,1250,2384.695050
Balanced,237,3667.405839,8.987954,1250,2357.209645
Balanced,238,3684.549349,7.908731,1250,2386.440213
Balanced,239,3673.282168,9.481061,1250,2384.154300
Balanced,240,3646.986903,9.384870,1250,2399.788286
Balanced,241,3630.575428,8.792509,1250,2360.170344
Balanced,242,3682.197636,9.006217,1250,2408.576573
Balanced,243,3600.451076,7.877352,1250,2347.142467
Balanced,244,3643.715613,8.551573,1250,2388.772569
Balanced,245,3640.989714,8.292059,1250,2362.348555
Balanced,246,3651.658455,7.959128,1250,2366.768262
Balanced,247,3686.185663,7.685952,1250,2403.247960
Balanced,248,3558.983521,7.964281,1250,2298.506464
Balanced,249,3649.849206,8.158652,1250,2370.289764
Balanced,250,3573.400275,7.195147,1250,2343.494100
Balanced,251,3549.846480,9.473897,1250,2335.672722
Balanced,252,3607.264900,7.833119,1250,2362.241732
Balanced,253,3660.324992,8.783936,1250,2401.748336
Balanced,254,3691.199511,9.776646,1250,2394.869212
Balanced,255,3623.322935,8.884634,1250,2354.407436
Balanced,256,3641.002577,9.323424,1250,2381.597460
Balanced,257,3666.876472,7.963626,1250,2402.638313
Balanced,258,3723.642507,8.383737,1250,2423.562934
Balanced,259,3530.401832,7.522178,1250,2307.006787
Balanced,260,3608.602349,7.841090,1250,2352.235103
Balanced,261,3657.650738,9.166207,1250,2381.432019
Balanced,262,3657.922066,9.385382,1250,2396.496229
Balanced,263,3641.004311,9.024947,1250,2360.870195
Balanced,264,3677.181220,8.914743,1250,2395.276578
Balanced,265,3572.512750,8.529828,1250,2305.827518
Balanced,266,3623.264451,9.012963,1250,2352.824289
Balanced,267,3643.351718,9.425707,1250,2383.573273
Balanced,268,3702.864060,8.702346,1250,2425.180825
Balanced,269,3617.543112,8.006746,1250,2350.708926
Balanced,270,3671.425448,8.106510,1250,2398.825244
Balanced,271,3707.784542,9.471768,1250,2411.258433
Balanced,272,3672.518653,8.640713,1250,2386.653378
Balanced,273,3641.660950,7.329765,1250,2349.605980
Balanced,274,3703.359761,8.747582,1250,2406.549379
Balanced,275,3665.153332,7.883044,1250,2391.975638
Balanced,276,3668.367463,9.171959,1250,2384.720508
Balanced,277,3641.685416,7.136375,1250,2375.049419
Balanced,278,3635.051668,9.551775,1250,2353.689602
Balanced,279,3732.794449,9.256801,1250,2413.640136
Balanced,280,3710.971958,9.636133,1250,2421.373291
Balanced,281,3665.032025,9.298109,1250,2367.721605
Balanced,282,3679.212586,7.540071,1250,2395.587253
Balanced,283,3678.063190,9.098556,1250,2354.987241
Balanced,284,3664.608434,8.667736,1250,2370.821144
Balanced,285,3633.693039,9.728488,1250,2389.063985
Balanced,286,3586.358224,9.349631,1250,2302.783302
Balanced,287,3570.123094,8.980923,1250,2329.859983
Balanced,288,3580.434519,8.014180,1250,2349.925847
Balanced,289,3573.673365,9.003912,1250,2309.613201
Balanced,290,3604.856286,8.310871,1250,2330.520935
Balanced,291,3699.231400,8.025668,1250,2400.180048
Balanced,292,3596.495233,7.028357,1250,2336.044024
Balanced,293,3653.066413,9.209816,1250,2353.156955
Balanced,294,3661.656737,8.641662,1250,2398.913559
Balanced,295,3628.639261,7.060505,1250,2346.981999
Balanced,296,3688.734558,8.724009,1250,2391.633817
Balanced,297,3594.711629,9.557835,1250,2329.865948
Balanced,298,3629.098376,9.622470,1250,2335.461410
Balanced,299,3636.678750,9.061840,1250,2362.918586
Balanced,300,3628.978347,7.392686,1250,2361.973109
Balanced,301,3588.088752,7.739848,1250,2323.588521
Balanced,302,3610.270980,8.173125,1250,2321.697847
Balanced,303,3692.465369,8.095632,1250,2394.636722
Balanced,304,3644.775687,7.484527,1250,2371.694228
Balanced,305,3661.106335,8.324943,1250,2399.400835
Balanced,306,3595.780121,7.308339,1250,2334.289755
Balanced,307,3674.203362,7.547652,1250,2401.884450
Balanced,308,3687.150826,9.002324,1250,2418.559317
Balanced,309,3598.833755,9.183633,1250,2341.261686
Balanced,310,3596.234064,7.270484,1250,2323.264403
Balanced,311,3705.753243,7.844980,1250,2408.353178
Balanced,312,3705.431741,8.379475,1250,2410.261536
Balanced,313,3605.317789,7.814362,1250,2343.542154
Balanced,314,3590.866565,8.263909,1250,2330.285786
Balanced,315,3689.573750,8.162436,1250,2374.873784
Balanced,316,3648.618364,9.097014,1250,2372.899905
Balanced,317,3665.304559,8.825025,1250,2378.309731
Balanced,318,3591.229484,8.592302,1250,2353.347492
Balanced,319,3650.967548,8.076028,1250,2378.023277
Balanced,320,3617.258576,8.909616,1250,2340.864830
Balanced,321,3720.796382,7.668909,1250,2435.116308
Balanced,322,3658.261679,7.909221,1250,2359.948230
Balanced,323,3657.374709,8.239307,1250,2380.453729
Balanced,324,3668.519185,8.209871,1250,2385.477329
Balanced,325,3589.011840,8.213532,1250,2340.728702
Balanced,326,3672.454824,7.763028,1250,2375.896006
Balanced,327,3725.039460,7.613212,1250,2416.137671
Balanced,328,3605.184996,8.523374,1250,2350.239537
Balanced,329,3640.429615,8.146197,1250,2380.663722
Balanced,330,3624.067957,7.860118,1250,2342.852564
Balanced,331,3590.159669,7.824172,1250,2313.385564
Balanced,332,3668.781510,8.064652,1250,2378.928236
Balanced,333,3599.105277,7.271363,1250,2338.765453
Balanced,334,3652.752528,8.165999,1250,2395.975245
Balanced,335,3645.936438,7.677949,1250,2351.868990
Balanced,336,3701.892580,8.009956,1250,2412.316936
Balanced,337,3643.029643,7.595532,1250,2368.619724
Balanced,338,3598.777093,7.896710,1250,2337.630943
Balanced,339,3682.799750,8.932232,1250,2389.169035
Balanced,340,3619.186360,8.627648,1250,2356.828133
Balanced,341,3672.443861,8.498206,1250,2381.531716
Balanced,342,3603.563259,9.075367,1250,2333.138909
Balanced,343,3623.040705,8.867819,1250,2376.609719
Balanced,344,3655.615704,8.624902,1250,2377.938162
Balanced,345,3741.907832,8.640076,1250,2439.079698
Balanced,346,3645.501464,8.695986,1250,2374.140462
Balanced,347,3560.131652,8.085438,1250,2285.857311
Balanced,348,3643.474687,7.106633,1250,2390.647001
Balanced,349,3728.321428,7.685790,1250,2424.626860
Balanced,350,3702.071462,8.642799,1250,2410.483394
Balanced,351,3611.920128,8.109036,1250,2358.766223
Balanced,352,3645.391719,7.560773,1250,2360.900021
Balanced,353,3717.472648,8.933495,1250,2431.954580
Balanced,354,3642.430436,8.472321,1250,2358.204308
Balanced,355,3663.698636,7.616843,1250,2368.520508
Balanced,356,3592.695540,8.867370,1250,2340.290723
Balanced,357,3665.382938,9.500530,1250,2392.606983
Balanced,358,3617.625808,8.639764,1250,2358.675769
Balanced,359,3622.454277,7.613347,1250,2351.274252
Balanced,360,3640.998789,7.687756,1250,2356.628434
Balanced,361,3699.709966,7.073471,1250,2395.404751
Balanced,362,3669.135497,8.064489,1250,2385.424282
Balanced,363,3716.011415,9.246083,1250,2390.767770
Balanced,364,3563.039957,8.487019,1250,2319.314232
Balanced,365,3585.686066,8.508817,1250,2312.620888
Balanced,366,3661.143536,7.903444,1250,2375.145850
Balanced,367,3640.744843,8.320048,1250,2360.299971
Balanced,368,3702.309748,8.638631,1250,2419.197893
Balanced,369,3622.049348,8.944276,1250,2366.206968
Balanced,370,3619.784851,8.823527,1250,2345.348770
Balanced,371,3646.142780,8.749113,1250,2375.825258
Balanced,372,3654.918625,7.707121,1250,2397.524380
Balanced,373,3650.480708,9.454635,1250,2375.781891
Balanced,374,3689.559408,8.704086,1250,2378.013843
Balanced,375,3690.094380,9.315238,1250,2403.940062
Balanced,376,3656.067587,8.016509,1250,2403.342876
Balanced,377,3573.826782,9.374233,1250,2317.549591
Balanced,378,3577.540510,7.619526,1250,2332.226682
Balanced,379,3595.644048,9.462894,1250,2339.511339
Balanced,380,3722.952514,8.185375,1250,2413.367096
Balanced,381,3692.321644,8.786798,1250,2408.870091
Balanced,382,3723.014062,9.710896,1250,2424.143657
Balanced,383,3617.539550,9.562030,1250,2345.001555
Balanced,384,3611.352865,8.528593,1250,2363.596178
Balanced,385,3644.747469,8.164288,1250,2354.465254
Balanced,386,3646.588131,8.255285,1250,2383.230604
Balanced,387,3633.521418,9.271097,1250,2379.226216
Balanced,388,3672.273317,7.744934,1250,2395.469443
Balanced,389,3646.700043,10.230171,1250,2371.797337
Balanced,390,3623.813003,8.384698,1250,2342.380636
Balanced,391,3600.913856,8.709143,1250,2362.500453
Balanced,392,3598.140351,9.125643,1250,2347.296166
Balanced,393,3594.153908,8.334640,1250,2335.093556
Balanced,394,3577.761559,8.006404,1250,2334.730609
Balanced,395,3624.007289,7.883178,1250,2366.098384
Balanced,396,3602.785116,6.849812,1250,2324.145416
Balanced,397,3673.870474,7.578021,1250,2417.553305
Balanced,398,3636.662447,10.629784,1250,2363.900475
Balanced,399,3681.892966,8.314575,1250,2383.203578
Balanced,400,3632.332270,8.384919,1250,2372.393285
Balanced,401,3598.000503,6.493497,1250,2336.284974
Balanced,402,3607.948106,9.568246,1250,2339.952478
Balanced,403,3659.228573,8.659555,1250,2369.199880
Balanced,404,3705.570053,9.367397,1250,2390.913645
Balanced,405,3620.590566,10.074412,1250,2362.961530
Balanced,406,3601.673350,8.511130,1250,2355.650125
Balanced,407,3575.234018,7.912077,1250,2319.921936
Balanced,408,3678.203420,9.674628,1250,2401.927099
Balanced,409,3610.318992,8.024758,1250,2340.587595
Balanced,410,3590.935406,8.528634,1250,2335.066164
Balanced,411,3687.784786,7.343122,1250,2405.767002
Balanced,412,3659.853913,7.848368,1250,2366.015301
Balanced,413,3629.463809,8.429883,1250,2345.723965
Balanced,414,3623.476770,8.113274,1250,2370.055851
Balanced,415,3648.525977,8.472927,1250,2365.928922
Balanced,416,3654.403860,9.121677,1250,2365.607634
Balanced,417,3681.311683,8.466079,1250,2401.916946
Balanced,418,3651.825825,9.876042,1250,2388.029250
Balanced,419,3646.641863,9.008742,1250,2378.164164
Balanced,420,3737.984205,9.063056,1250,2423.310532
Balanced,421,3674.602192,7.393113,1250,2372.097058
Balanced,422,3587.934506,8.286000,1250,2332.904042
Balanced,423,3630.432760,7.999423,1250,2376.965149
Balanced,424,3711.619584,7.975021,1250,2410.931490
Balanced,425,3625.775050,7.692416,1250,2369.192789
Balanced,426,3633.520537,8.561816,1250,2355.951578
Balanced,427,3687.958395,8.876477,1250,2400.304167
Balanced,428,3612.970877,8.819486,1250,2380.872526
Balanced,429,3699.128722,8.091420,1250,2418.997337
Balanced,430,3615.821223,7.511781,1250,2354.220478
Balanced,431,3617.162231,6.940053,1250,2359.467051
Balanced,432,3652.284125,8.597020,1250,2367.450460
Balanced,433,3624.117245,9.083618,1250,2352.702161
Balanced,434,3605.398249,8.506568,1250,2341.444391
Balanced,435,3630.439194,7.543003,1250,2364.981599
Balanced,436,3580.188065,9.318247,1250,2354.825913
Balanced,437,3686.346893,9.300790,1250,2384.321643
Balanced,438,3611.058058,8.607225,1250,2338.347698
Balanced,439,3617.748427,9.906850,1250,2350.814099
Balanced,440,3662.853058,8.655837,1250,2372.330756
Balanced,441,3657.365386,8.745170,1250,2355.068855
Balanced,442,3645.959721,8.515635,1250,2357.262094
Balanced,443,3645.937367,9.481275,1250,2360.258560
Balanced,444,3658.620165,9.477749,1250,2374.088602
Balanced,445,3598.078319,7.886033,1250,2333.320282
Balanced,446,3571.643883,8.595079,1250,2327.945345
Balanced,447,3744.997568,7.579833,1250,2429.509227
Balanced,448,3708.035249,7.754851,1250,2405.323705
Balanced,449,3667.368566,8.161967,1250,2390.320982
Balanced,450,3641.562211,8.518145,1250,2381.771523
Balanced,451,3617.524342,9.611431,1250,2350.521652
Balanced,452,3556.742371,9.235677,1250,2292.636324
Balanced,453,3714.001654,8.918653,1250,2404.197802
Balanced,454,3669.444975,9.991483,1250,2386.326172
Balanced,455,3657.853645,6.536601,1250,2349.078151
Balanced,456,3627.700078,7.318490,1250,2372.085727
Balanced,457,3631.037020,8.971886,1250,2354.903115
Balanced,458,3633.056836,7.559701,1250,2382.344315
Balanced,459,3657.255572,8.366154,1250,2373.715652
Balanced,460,3642.548582,8.450616,1250,2381.754039
Balanced,461,3633.258445,9.605777,1250,2361.632372
Balanced,462,3612.699816,10.019024,1250,2363.302310
Balanced,463,3663.303192,7.245233,1250,2395.191355
Balanced,464,3660.144979,7.162550,1250,2370.926141
Balanced,465,3678.173789,7.326457,1250,2386.378679
Balanced,466,3595.963539,7.822052,1250,2343.566741
Balanced,467,3617.650231,7.254591,1250,2324.502686
Balanced,468,3599.046096,7.024222,1250,2348.235006
Balanced,469,3644.681825,8.554236,1250,2367.845113
Balanced,470,3652.343965,7.016453,1250,2368.234516
Balanced,471,3634.882511,9.993661,1250,2352.567202
Balanced,472,3533.077768,9.511266,1250,2285.998289
Balanced,473,3597.938211,8.711739,1250,2331.826217
Balanced,474,3592.403706,7.843507,1250,2344.760695
Balanced,475,3645.310849,9.410870,1250,2370.559959
Balanced,476,3639.314661,8.337036,1250,2364.707485
Balanced,477,3611.443142,9.306248,1250,2352.620481
Balanced,478,3654.420215,8.230972,1250,2367.993783
Balanced,479,3611.508477,8.767836,1250,2364.279140
Balanced,480,3561.167057,9.307514,1250,2294.390045
Balanced,481,3597.392086,8.335482,1250,2353.199531
Balanced,482,3623.567922,9.594577,1250,2348.313181
Balanced,483,3689.426737,7.977794,1250,2405.813049
Balanced,484,3654.301298,9.673903,1250,2383.256489
Balanced,485,3551.763759,7.802913,1250,2322.466995
Balanced,486,3598.031594,8.905980,1250,2350.971230
Balanced,487,3671.964491,10.136348,1250,2382.203530
Balanced,488,3605.714549,8.929575,1250,2337.831517
Balanced,489,3559.341696,8.572220,1250,2313.644981
Balanced,490,3684.608993,8.243208,1250,2419.819866
Balanced,491,3716.427865,8.502745,1250,2422.355229
Balanced,492,3615.441795,8.463656,1250,2348.503148
Balanced,493,3603.952259,8.414262,1250,2331.381376
Balanced,494,3668.531950,8.145417,1250,2410.547866
Balanced,495,3574.192715,8.020906,1250,2329.360023
Balanced,496,3638.318671,7.058588,1250,2363.598680
Balanced,497,3695.141535,9.967041,1250,2407.874555
Balanced,498,3670.855994,7.084713,1250,2373.396983
Balanced,499,3532.646026,8.333754,1250,2292.404258
Balanced,500,3650.349864,9.794708,1250,2366.684347
Cost-focused,1,3951.437691,13.811980,550,2547.227048
Cost-focused,2,4217.501625,11.761469,550,2678.709276
Cost-focused,3,4526.624267,12.428678,550,3003.353152
Cost-focused,4,4105.189073,14.450493,550,2660.522702
Cost-focused,5,4271.049600,15.111596,550,2752.224076
Cost-focused,6,4316.439237,16.195582,550,2749.846763
Cost-focused,7,4092.702912,13.363538,550,2709.106477
Cost-focused,8,4205.406567,11.933718,550,2718.280715
Cost-focused,9,4357.666005,13.770141,550,2861.097376
Cost-focused,10,4287.086650,11.773610,550,2728.253985
Cost-focused,11,3911.928153,14.426362,550,2510.254234
Cost-focused,12,4396.803395,9.964150,550,2782.114458
Cost-focused,13,4370.976559,14.775156,550,2866.338539
Cost-focused,14,4328.015428,15.641047,550,2770.758689
Cost-focused,15,4137.854326,15.917411,550,2715.551238
Cost-focused,16,3743.863859,14.425577,550,2440.799949
Cost-focused,17,4009.048527,13.285741,550,2559.889908
Cost-focused,18,4311.617635,15.036973,550,2766.849394
Cost-focused,19,4124.505872,15.582435,550,2675.593841
Cost-focused,20,4173.408747,15.003657,550,2709.278324
Cost-focused,21,4254.666385,13.369589,550,2681.842637
Cost-focused,22,4479.840149,16.984267,550,2934.086494
Cost-focused,23,3926.262368,12.967652,550,2591.743368
Cost-focused,24,4246.681684,15.412465,550,2757.248965
Cost-focused,25,4314.629263,10.639825,550,2746.740411
Cost-focused,26,4156.196148,15.177763,550,2693.529919
Cost-focused,27,4161.892212,16.730328,550,2717.425899
Cost-focused,28,4205.754219,15.272416,550,2727.842148
Cost-focused,29,4299.798358,16.496156,550,2753.532429
Cost-focused,30,4496.680542,13.040843,550,2914.450714
Cost-focused,31,3909.019868,16.137058,550,2529.586222
Cost-focused,32,4480.057760,14.667620,550,2904.074483
Cost-focused,33,4316.853914,16.714046,550,2724.392328
Cost-focused,34,3969.484092,14.332188,550,2613.075217
Cost-focused,35,3964.339815,12.706808,550,2520.966329
Cost-focused,36,4063.255636,15.863574,550,2638.995202
Cost-focused,37,4017.974178,13.668894,550,2637.972169
Cost-focused,38,4326.206320,11.376178,550,2788.553938
Cost-focused,39,4250.050046,14.092022,550,2798.717701
Cost-focused,40,4124.434781,16.286767,550,2581.591745
Cost-focused,41,4059.662331,13.901622,550,2594.798213
Cost-focused,42,4237.203536,15.039940,550,2741.108111
Cost-focused,43,4074.292166,12.428267,550,2645.516706
Cost-focused,44,3964.532329,15.320445,550,2513.988598
Cost-focused,45,4198.175491,18.325004,550,2832.498702
Cost-focused,46,4344.464204,16.133120,550,2888.281464
Cost-focused,47,4260.339940,16.507293,550,2796.313023
Cost-focused,48,4373.811661,12.236892,550,2814.484914
Cost-focused,49,4307.737996,18.225425,550,2734.212368
Cost-focused,50,4281.927977,14.435073,550,2823.217287
Cost-focused,51,4413.657389,13.756831,550,2898.303623
Cost-focused,52,4192.776187,12.994233,550,2726.108639
Cost-focused,53,4111.466647,14.358178,550,2641.658454
Cost-focused,54,4145.282111,11.808967,550,2691.646079
Cost-focused,55,4290.876925,16.181456,550,2848.317793
Cost-focused,56,3994.272248,14.769807,550,2622.959612
Cost-focused,57,4215.432391,13.759096,550,2698.761214
Cost-focused,58,4210.581409,17.177561,550,2698.908804
Cost-focused,59,3935.048857,14.572440,550,2640.969244
Cost-focused,60,4181.550400,14.206055,550,2726.114787
Cost-focused,61,4190.638547,14.847481,550,2607.369782
Cost-focused,62,4134.404145,15.099464,550,2661.355711
Cost-focused,63,4006.870658,13.021504,550,2582.970333
Cost-focused,64,4180.198299,13.152614,550,2724.783869
Cost-focused,65,4464.630308,17.880612,550,2931.671229
Cost-focused,66,4275.756702,14.168578,550,2792.357269
Cost-focused,67,4241.816905,15.995637,550,2841.452175
Cost-focused,68,4088.784319,15.054925,550,2653.959445
Cost-focused,69,4144.493840,12.955615,550,2730.214726
Cost-focused,70,4106.593836,15.693617,550,2628.046742
Cost-focused,71,4315.484175,16.342501,550,2759.317381
Cost-focused,72,4468.181256,13.111163,550,2884.741211
Cost-focused,73,4314.763329,14.424491,550,2800.197360
Cost-focused,74,4217.194900,18.697419,550,2776.026688
Cost-focused,75,4172.522531,12.868434,550,2719.853242
Cost-focused,76,4342.727480,11.706208,550,2876.520965
Cost-focused,77,4405.138673,12.642930,550,2882.305431
Cost-focused,78,4041.645114,11.777757,550,2649.775805
Cost-focused,79,4266.377399,15.058232,550,2774.373471
Cost-focused,80,4266.224751,14.343359,550,2738.497444
Cost-focused,81,4023.510990,17.425518,550,2620.457544
Cost-focused,82,4038.763915,16.306059,550,2626.421723
Cost-focused,83,4063.438631,16.705060,550,2621.735501
Cost-focused,84,4306.310197,15.671601,550,2756.081104
Cost-focused,85,4121.357177,14.185849,550,2756.053025
Cost-focused,86,4041.706028,12.542049,550,2666.480818
Cost-focused,87,4431.926067,18.163450,550,2911.139669
Cost-focused,88,4374.893054,12.632144,550,2883.182952
Cost-focused,89,4284.823423,11.860251,550,2792.653991
Cost-focused,90,4252.031581,16.615462,550,2757.653810
Cost-focused,91,4173.481474,11.682920,550,2755.525159
Cost-focused,92,4091.738801,14.754493,550,2688.954860
Cost-focused,93,4090.516000,16.352828,550,2552.371581
Cost-focused,94,4173.833287,15.215387,550,2709.252945
Cost-focused,95,4313.023455,13.324607,550,2754.671970
Cost-focused,96,4341.488420,14.550446,550,2872.271175
Cost-focused,97,4399.218843,13.332430,550,2829.636781
Cost-focused,98,4080.065716,12.527058,550,2610.837040
Cost-focused,99,4066.478286,11.251783,550,2734.988701
Cost-focused,100,4232.838687,13.709520,550,2753.100028
Cost-focused,101,4064.278098,11.065163,550,2605.823347
Cost-focused,102,4096.332273,14.398508,550,2769.961676
Cost-focused,103,4063.232848,15.841911,550,2649.393387
Cost-focused,104,4011.568905,13.808193,550,2558.954735
Cost-focused,105,4230.891730,12.908902,550,2761.102597
Cost-focused,106,4326.995725,15.141434,550,2756.811318
Cost-focused,107,4046.078835,17.185088,550,2663.193205
Cost-focused,108,4193.595930,10.401558,550,2737.221136
Cost-focused,109,4278.347337,14.564914,550,2824.347495
Cost-focused,110,4357.304660,12.423350,550,2839.839392
Cost-focused,111,4324.153192,11.995072,550,2847.046870
Cost-focused,112,4002.659878,14.202244,550,2599.629449
Cost-focused,113,4150.044601,15.733140,550,2751.062920
Cost-focused,114,4236.471478,15.504518,550,2776.305704
Cost-focused,115,4261.283682,18.330866,550,2760.451318
Cost-focused,116,4279.661796,15.093665,550,2778.112148
Cost-focused,117,4291.734966,13.715701,550,2804.391173
Cost-focused,118,4195.109419,14.287766,550,2688.821765
Cost-focused,119,4238.823517,16.110904,550,2704.408788
Cost-focused,120,4200.800248,10.632297,550,2716.455553
Cost-focused,121,4192.430809,13.309117,550,2787.081150
Cost-focused,122,4075.266973,13.955071,550,2651.762634
Cost-focused,123,4379.065269,16.994749,550,2864.575723
Cost-focused,124,4079.040759,19.637989,550,2617.887827
Cost-focused,125,4219.064639,13.697262,550,2737.432759
Cost-focused,126,4181.515013,13.552263,550,2664.759515
Cost-focused,127,4302.325078,12.928330,550,2775.608945
Cost-focused,128,4283.779391,12.015848,550,2855.949748
Cost-focused,129,4166.638918,16.225421,550,2748.816623
Cost-focused,130,4188.694695,15.103942,550,2700.588885
Cost-focused,131,4054.591301,13.042550,550,2559.154279
Cost-focused,132,4257.446098,14.266325,550,2817.162993
Cost-focused,133,4023.929850,13.928817,550,2679.405500
Cost-focused,134,4377.986851,13.885478,550,2839.760413
Cost-focused,135,4142.895751,10.661888,550,2652.873737
Cost-focused,136,4190.765325,14.236222,550,2681.455756
Cost-focused,137,4193.322723,14.400981,550,2672.284776
Cost-focused,138,4228.047049,15.226356,550,2790.563330
Cost-focused,139,4230.501716,14.894717,550,2804.293604
Cost-focused,140,4072.608064,13.650494,550,2667.313787
Cost-focused,141,4265.826707,15.515697,550,2749.572286
Cost-focused,142,4057.990476,18.676182,550,2571.588177
Cost-focused,143,4407.259902,13.983408,550,2871.365445
Cost-focused,144,4375.767828,16.974387,550,2882.908698
Cost-focused,145,4228.143873,13.674898,550,2856.625335
Cost-focused,146,3952.674378,13.030396,550,2593.464744
Cost-focused,147,4184.729445,16.060070,550,2647.662882
Cost-focused,148,4018.306390,15.340674,550,2578.209899
Cost-focused,149,3824.727346,14.512725,550,2465.095143
Cost-focused,150,4069.656681,15.866881,550,2643.963576
Cost-focused,151,4234.606358,10.555981,550,2750.614682
Cost-focused,152,4273.288738,13.469394,550,2771.060510
Cost-focused,153,4181.649614,13.189158,550,2728.774971
Cost-focused,154,4267.542002,16.477513,550,2793.006524
Cost-focused,155,4303.813652,13.714811,550,2808.585348
Cost-focused,156,4127.044990,16.073522,550,2675.721507
Cost-focused,157,4235.054114,13.239510,550,2810.748783
Cost-focused,158,3854.666314,14.487499,550,2549.132321
Cost-focused,159,4073.926160,14.395442,550,2686.386671
Cost-focused,160,4503.942554,14.115227,550,2954.652968
Cost-focused,161,4223.245781,13.716926,550,2744.015202
Cost-focused,162,3772.560841,10.158771,550,2492.399706
Cost-focused,163,4285.996249,16.466287,550,2813.363759
Cost-focused,164,3976.457135,16.305707,550,2558.554713
Cost-focused,165,4067.982139,13.183243,550,2655.838756
Cost-focused,166,4214.744099,14.241441,550,2738.278086
Cost-focused,167,3956.625413,13.276604,550,2574.446096
Cost-focused,168,4069.423967,15.570135,550,2684.575225
Cost-focused,169,4197.712728,14.656561,550,2720.334137
Cost-focused,170,3960.134602,17.334811,550,2501.273325
Cost-focused,171,4413.396049,17.685901,550,2918.484966
Cost-focused,172,4292.695486,14.478545,550,2807.506939
Cost-focused,173,4128.971835,12.061947,550,2685.019893
Cost-focused,174,4058.428293,13.139524,550,2575.310716
Cost-focused,175,4172.878392,12.540096,550,2722.792683
Cost-focused,176,4142.352311,13.285519,550,2712.415501
Cost-focused,177,4347.827844,12.791951,550,2844.123096
Cost-focused,178,4404.343643,12.435004,550,2835.361022
Cost-focused,179,4575.079050,17.557751,550,2990.874428
Cost-focused,180,4418.107741,15.998145,550,2880.045716
Cost-focused,181,4503.012133,14.427974,550,2942.327443
Cost-focused,182,3925.651749,16.254117,550,2636.327491
Cost-focused,183,4237.674344,14.322433,550,2730.147985
Cost-focused,184,4215.952484,10.585635,550,2696.293757
Cost-focused,185,4411.030555,13.801030,550,2912.870602
Cost-focused,186,4004.579805,13.937229,550,2575.529605
Cost-focused,187,4014.879712,9.572861,550,2664.685138
Cost-focused,188,4352.959904,12.904218,550,2781.435828
Cost-focused,189,4514.424378,11.405866,550,2924.556964
Cost-focused,190,4240.540320,15.227780,550,2713.866257
Cost-focused,191,4256.052816,15.927591,550,2799.101614
Cost-focused,192,4322.752342,15.147515,550,2854.258346
Cost-focused,193,4251.659184,19.628747,550,2719.184669
Cost-focused,194,4282.083962,17.682497,550,2811.053897
Cost-focused,195,4441.415428,15.472537,550,2899.448084
Cost-focused,196,4257.680910,15.203890,550,2722.865352
Cost-focused,197,4318.496703,14.569802,550,2776.429585
Cost-focused,198,4364.797970,13.724821,550,2819.119157
Cost-focused,199,4030.619701,15.232034,550,2658.177139
Cost-focused,200,4391.552147,15.492580,550,2845.464530
Cost-focused,201,4083.087820,15.703593,550,2584.946379
Cost-focused,202,4173.953259,14.669939,550,2653.604114
Cost-focused,203,4043.942578,11.855834,550,2701.524972
Cost-focused,204,3898.736205,16.970704,550,2476.705584
Cost-focused,205,4165.156189,13.303114,550,2752.253775
Cost-focused,206,4120.582354,16.816010,550,2638.282581
Cost-focused,207,4350.368437,14.422064,550,2808.468896
Cost-focused,208,4133.684920,9.936488,550,2736.429960
Cost-focused,209,4354.246108,13.214514,550,2904.142826
Cost-focused,210,4226.482735,12.807083,550,2736.418618
Cost-focused,211,4115.824851,11.587152,550,2669.644811
Cost-focused,212,4448.844593,14.997732,550,2933.109473
Cost-focused,213,4126.322647,16.700218,550,2723.726886
Cost-focused,214,4107.843215,12.964215,550,2667.634922
Cost-focused,215,4028.871337,13.341029,550,2618.513726
Cost-focused,216,4046.185898,16.039349,550,2615.300396
Cost-focused,217,3880.319882,14.702039,550,2457.007018
Cost-focused,218,4333.205253,13.640499,550,2811.321273
Cost-focused,219,4051.782006,12.424148,550,2653.975364
Cost-focused,220,4020.189373,16.551633,550,2664.353648
Cost-focused,221,4121.280544,11.334420,550,2652.303473
Cost-focused,222,4263.380130,11.483656,550,2732.270877
Cost-focused,223,4457.441375,13.194689,550,2904.525977
Cost-focused,224,4217.143848,12.626173,550,2766.597391
Cost-focused,225,4512.585232,16.056058,550,2892.295481
Cost-focused,226,4351.732089,14.538236,550,2798.594814
Cost-focused,227,4023.787196,13.377747,550,2663.825540
Cost-focused,228,4604.839130,13.882908,550,3014.066357
Cost-focused,229,3959.368712,10.803484,550,2632.437866
Cost-focused,230,3896.965792,18.263726,550,2557.063003
Cost-focused,231,3801.443864,15.633184,550,2481.582789
Cost-focused,232,4179.227522,11.675497,550,2787.247241
Cost-focused,233,4253.815237,13.929216,550,2710.560035
Cost-focused,234,4165.544843,13.256988,550,2677.458017
Cost-focused,235,4015.989852,13.451388,550,2619.607349
Cost-focused,236,4194.172566,10.312512,550,2702.914858
Cost-focused,237,4061.191553,11.690833,550,2656.858404
Cost-focused,238,4277.759435,15.625173,550,2743.430529
Cost-focused,239,4136.660234,16.405998,550,2715.807187
Cost-focused,240,4468.280057,13.594919,550,2903.058160
Cost-focused,241,4088.223138,18.123652,550,2612.441542
Cost-focused,242,4093.350894,15.156849,550,2718.424240
Cost-focused,243,4045.274466,14.468419,550,2714.512414
Cost-focused,244,4305.014781,11.661267,550,2756.645759
Cost-focused,245,4254.426226,13.884869,550,2749.727842
Cost-focused,246,4043.891749,17.185105,550,2619.096738
Cost-focused,247,4204.938532,14.057736,550,2744.961216
Cost-focused,248,4561.771674,14.431759,550,2955.282902
Cost-focused,249,4151.152628,16.604614,550,2699.923820
Cost-focused,250,4178.117715,15.250742,550,2694.751485
Cost-focused,251,4338.624963,17.030134,550,2881.416029
Cost-focused,252,4285.402190,14.565714,550,2787.538520
Cost-focused,253,4021.594594,15.172591,550,2630.185036
Cost-focused,254,4114.445863,13.228664,550,2666.625972
Cost-focused,255,4207.707411,16.137977,550,2740.261562
Cost-focused,256,4242.749637,16.610246,550,2758.590499
Cost-focused,257,4342.406238,12.825261,550,2896.843351
Cost-focused,258,4332.679106,16.260598,550,2784.851451
Cost-focused,259,4280.666222,15.495899,550,2838.307632
Cost-focused,260,4215.034569,17.752107,550,2798.780020
Cost-focused,261,4298.400013,16.127264,550,2851.118981
Cost-focused,262,4419.980034,12.675159,550,2935.043194
Cost-focused,263,4162.231285,15.874607,550,2780.704144
Cost-focused,264,4305.371430,14.753364,550,2796.198316
Cost-focused,265,4188.497124,14.195501,550,2703.470086
Cost-focused,266,4115.686777,16.046180,550,2750.749994
Cost-focused,267,4166.606179,17.476964,550,2679.315203
Cost-focused,268,4324.328485,13.821915,550,2835.784797
Cost-focused,269,4158.049455,13.488458,550,2619.704439
Cost-focused,270,4396.855524,14.244195,550,2895.517499
Cost-focused,271,4593.363739,13.129056,550,2964.994866
Cost-focused,272,4317.928246,15.286860,550,2768.465552
Cost-focused,273,4449.400638,11.954145,550,2838.075035
Cost-focused,274,4205.692530,13.690504,550,2720.579377
Cost-focused,275,4153.002725,17.074343,550,2731.736799
Cost-focused,276,3936.084115,13.613561,550,2520.406298
Cost-focused,277,4235.722626,15.657515,550,2745.571647
Cost-focused,278,4185.228921,12.477237,550,2704.354457
Cost-focused,279,4217.740797,15.040823,550,2767.202104
Cost-focused,280,4101.786978,12.122499,550,2644.839675
Cost-focused,281,4116.980597,13.852209,550,2703.939042
Cost-focused,282,4010.617891,12.822921,550,2638.491271
Cost-focused,283,4299.875110,14.501935,550,2838.131155
Cost-focused,284,4144.848263,13.520010,550,2728.861921
Cost-focused,285,4293.846518,14.734650,550,2798.035996
Cost-focused,286,4277.476255,16.172979,550,2750.429969
Cost-focused,287,4329.719355,15.207499,550,2771.278980
Cost-focused,288,4350.333264,17.704813,550,2784.470399
Cost-focused,289,4451.942607,16.617481,550,2876.461596
Cost-focused,290,4329.099799,15.160030,550,2825.788376
Cost-focused,291,4405.047112,12.287099,550,2935.755966
Cost-focused,292,4201.862607,13.845050,550,2662.275608
Cost-focused,293,3869.319302,14.475273,550,2455.700263
Cost-focused,294,4370.852152,13.859238,550,2855.001072
Cost-focused,295,4704.136975,13.301298,550,3051.680244
Cost-focused,296,4089.002623,13.667547,550,2731.381415
Cost-focused,297,4234.285892,15.410235,550,2778.554814
Cost-focused,298,4316.197328,15.240043,550,2839.692530
Cost-focused,299,4276.102360,15.354477,550,2768.054027
Cost-focused,300,4088.483768,13.680193,550,2635.246398
Cost-focused,301,4578.435624,14.587617,550,2900.072266
Cost-focused,302,4198.104206,15.703473,550,2717.398500
Cost-focused,303,3990.821093,13.091028,550,2568.399938
Cost-focused,304,4280.549591,10.884316,550,2752.377006
Cost-focused,305,4114.211793,13.315297,550,2624.448250
Cost-focused,306,4316.326494,14.146939,550,2822.626516
Cost-focused,307,4295.206152,16.194654,550,2740.929299
Cost-focused,308,4289.712258,13.108679,550,2750.582667
Cost-focused,309,4434.915750,14.717217,550,2882.522844
Cost-focused,310,4207.369047,14.047810,550,2686.540716
Cost-focused,311,4349.879705,17.962115,550,2772.678859
Cost-focused,312,4353.486441,12.486048,550,2825.863515
Cost-focused,313,4143.472121,12.236356,550,2717.026388
Cost-focused,314,4385.833550,13.494257,550,2837.500095
Cost-focused,315,4398.234676,13.960284,550,2758.394160
Cost-focused,316,4100.421781,12.434165,550,2635.596801
Cost-focused,317,4178.800636,14.377137,550,2695.105037
Cost-focused,318,4335.094562,13.133959,550,2805.077782
Cost-focused,319,3940.681333,10.581313,550,2525.106045
Cost-focused,320,3880.566576,14.580692,550,2490.713619
Cost-focused,321,4199.340130,13.285668,550,2685.821661
Cost-focused,322,4111.572831,14.185732,550,2593.492934
Cost-focused,323,4224.541332,14.508072,550,2767.231367
Cost-focused,324,4335.530989,14.806122,550,2800.117040
Cost-focused,325,4466.566031,15.719655,550,2878.192892
Cost-focused,326,4272.309471,16.842605,550,2683.614932
Cost-focused,327,4347.139602,15.768497,550,2849.341614
Cost-focused,328,4165.246209,12.930524,550,2756.862200
Cost-focused,329,4125.725258,15.056147,550,2697.589444
Cost-focused,330,4284.200160,13.252569,550,2742.511777
Cost-focused,331,4396.964328,12.461205,550,2870.844651
Cost-focused,332,4581.010996,13.927257,550,2901.292494
Cost-focused,333,4341.857620,16.161234,550,2807.097807
Cost-focused,334,4331.716777,12.079468,550,2858.108190
Cost-focused,335,4332.810234,12.893018,550,2765.289536
Cost-focused,336,4278.988897,16.099313,550,2758.662128
Cost-focused,337,4226.458010,16.078145,550,2771.072055
Cost-focused,338,4368.352414,15.584534,550,2777.663026
Cost-focused,339,4072.398825,15.204268,550,2615.398462
Cost-focused,340,4190.829121,13.211316,550,2831.901802
Cost-focused,341,4465.070940,14.542831,550,2814.758182
Cost-focused,342,4473.880660,14.389692,550,2814.298172
Cost-focused,343,4184.645613,15.695579,550,2708.318624
Cost-focused,344,4133.537289,11.580743,550,2728.316981
Cost-focused,345,4321.735072,11.723793,550,2788.136504
Cost-focused,346,4122.464468,13.575511,550,2738.731212
Cost-focused,347,4214.911433,13.138586,550,2762.029848
Cost-focused,348,4224.329649,13.656085,550,2759.875836
Cost-focused,349,4322.507029,10.568518,550,2862.604581
Cost-focused,350,4443.153836,16.380983,550,2862.597342
Cost-focused,351,4404.042062,14.229461,550,2883.120964
Cost-focused,352,4055.556953,16.668461,550,2621.520990
Cost-focused,353,4301.140918,14.070934,550,2837.741380
Cost-focused,354,4241.125915,13.688132,550,2763.758391
Cost-focused,355,4023.368614,14.934604,550,2636.733627
Cost-focused,356,3809.336911,15.523186,550,2467.952811
Cost-focused,357,4378.885423,12.889622,550,2855.847375
Cost-focused,358,4340.869303,11.192976,550,2863.508263
Cost-focused,359,3890.152020,16.009364,550,2548.172898
Cost-focused,360,4110.466466,15.363218,550,2702.807346
Cost-focused,361,4166.260236,15.208158,550,2668.217762
Cost-focused,362,4088.429302,9.334842,550,2712.135584
Cost-focused,363,4332.267243,11.560730,550,2862.656545
Cost-focused,364,4200.358803,14.757254,550,2746.269195
Cost-focused,365,4307.258241,14.324252,550,2856.069558
Cost-focused,366,4331.175294,12.913407,550,2887.276697
Cost-focused,367,4250.924187,15.078265,550,2754.758645
Cost-focused,368,4302.260941,17.473422,550,2876.197936
Cost-focused,369,4245.022658,13.020061,550,2796.488915
Cost-focused,370,3998.386704,15.912772,550,2675.040373
Cost-focused,371,4532.417758,12.222347,550,2921.153635
Cost-focused,372,4752.244580,17.287871,550,3039.885809
Cost-focused,373,4064.664833,15.575955,550,2671.780394
Cost-focused,374,3980.319945,13.305209,550,2603.916324
Cost-focused,375,4170.912753,13.463584,550,2688.415886
Cost-focused,376,4009.669905,14.326865,550,2609.712319
Cost-focused,377,4536.054568,14.812303,550,2934.320942
Cost-focused,378,4323.403573,13.955647,550,2844.537925
Cost-focused,379,4088.694189,13.480296,550,2688.753579
Cost-focused,380,4199.970389,18.403900,550,2660.187995
Cost-focused,381,4137.299045,14.236638,550,2724.862156
Cost-focused,382,4063.634782,18.475817,550,2685.376872
Cost-focused,383,4179.570356,16.560979,550,2635.352909
Cost-focused,384,4284.353936,12.840813,550,2763.568170
Cost-focused,385,4439.776139,14.992501,550,2881.931492
Cost-focused,386,4175.251316,11.026869,550,2686.830563
Cost-focused,387,4235.242003,14.913993,550,2768.253561
Cost-focused,388,4444.251802,13.344120,550,2873.895520
Cost-focused,389,4176.616858,15.459841,550,2708.622325
Cost-focused,390,4342.538667,15.803529,550,2805.757915
Cost-focused,391,4321.465764,16.522262,550,2727.424279
Cost-focused,392,4108.448569,11.324547,550,2675.721980
Cost-focused,393,4269.628001,14.242502,550,2804.151420
Cost-focused,394,4318.993880,14.930192,550,3002.185190
Cost-focused,395,4478.726573,16.476811,550,2749.031617
Cost-focused,396,3965.179615,11.593579,550,2543.508816
Cost-focused,397,3968.635152,13.491203,550,2603.970794
Cost-focused,398,4272.589819,13.466096,550,2754.232498
Cost-focused,399,4327.827230,11.951330,550,2856.974808
Cost-focused,400,4302.534312,15.122403,550,2783.677477
Cost-focused,401,4211.389122,11.279972,550,2744.017306
Cost-focused,402,4467.396222,16.067251,550,2907.875273
Cost-focused,403,3966.037037,14.297692,550,2634.124132
Cost-focused,404,4182.732306,16.188815,550,2668.244583
Cost-focused,405,4154.097852,14.525595,550,2813.882205
Cost-focused,406,4247.056588,16.037367,550,2770.126431
Cost-focused,407,4237.129347,14.875635,550,2780.570044
Cost-focused,408,4206.204356,14.950743,550,2784.189955
Cost-focused,409,4469.030871,15.113916,550,2909.002537
Cost-focused,410,4130.529375,14.056357,550,2631.610905
Cost-focused,411,4088.305509,14.537569,550,2583.666506
Cost-focused,412,4405.597412,14.775169,550,2782.088523
Cost-focused,413,4336.580956,12.886288,550,2852.332441
Cost-focused,414,4265.707043,13.207473,550,2777.381931
Cost-focused,415,4046.294739,15.462915,550,2546.958483
Cost-focused,416,4033.372984,13.915681,550,2673.573726
Cost-focused,417,3907.897411,13.792404,550,2542.508903
Cost-focused,418,4220.282332,14.055055,550,2785.514760
Cost-focused,419,4196.861989,16.102657,550,2745.847974
Cost-focused,420,4252.008664,16.946386,550,2742.835619
Cost-focused,421,4337.650600,14.596975,550,2854.851414
Cost-focused,422,3903.593075,15.524427,550,2549.896079
Cost-focused,423,4345.241343,12.195072,550,2820.480506
Cost-focused,424,4350.087253,17.780957,550,2774.424215
Cost-focused,425,4015.807839,11.651798,550,2663.185258
Cost-focused,426,4353.048443,11.113276,550,2842.992002
Cost-focused,427,4137.341911,15.099803,550,2678.206708
Cost-focused,428,4226.345289,13.368907,550,2767.579939
Cost-focused,429,4190.807045,17.409053,550,2777.293670
Cost-focused,430,4366.890492,15.739300,550,2821.292731
Cost-focused,431,4120.628826,15.148161,550,2681.461755
Cost-focused,432,4379.166333,14.410866,550,2916.474117
Cost-focused,433,4359.887713,13.911855,550,2816.033691
Cost-focused,434,4491.132081,13.265828,550,2885.779629
Cost-focused,435,4280.529609,13.513803,550,2761.891016
Cost-focused,436,4058.385765,14.223609,550,2625.242483
Cost-focused,437,4338.050459,13.498845,550,2835.916064
Cost-focused,438,4524.371137,11.424162,550,2935.457464
Cost-focused,439,4066.874109,13.714896,550,2625.197400
Cost-focused,440,3991.918039,16.269224,550,2626.906912
Cost-focused,441,4211.163649,15.231413,550,2788.272550
Cost-focused,442,4183.299285,15.242086,550,2759.589114
Cost-focused,443,4508.211901,12.439790,550,2885.959306
Cost-focused,444,4223.661341,11.759519,550,2763.828735
Cost-focused,445,4137.557052,14.578630,550,2655.665173
Cost-focused,446,4126.451565,15.334401,550,2661.568266
Cost-focused,447,4177.605647,15.687126,550,2855.560090
Cost-focused,448,4177.294271,14.649075,550,2755.492033
Cost-focused,449,4187.164734,14.409672,550,2683.650369
Cost-focused,450,4073.896879,11.373773,550,2643.133407
Cost-focused,451,4049.854686,13.930784,550,2626.057466
Cost-focused,452,4097.897409,12.871903,550,2653.132656
Cost-focused,453,4056.733577,16.494218,550,2630.372829
Cost-focused,454,4054.196603,14.662895,550,2576.650245
Cost-focused,455,4494.464805,14.940291,550,2931.482825
Cost-focused,456,4289.643013,15.004841,550,2826.905949
Cost-focused,457,4162.749484,18.421953,550,2695.128225
Cost-focused,458,4437.106412,17.548842,550,2891.569530
Cost-focused,459,4309.506274,14.960959,550,2771.110856
Cost-focused,460,4330.520624,15.179101,550,2803.298960
Cost-focused,461,4474.772190,13.723390,550,2856.813654
Cost-focused,462,4290.137853,14.073784,550,2779.613220
Cost-focused,463,3970.737811,14.438214,550,2607.570109
Cost-focused,464,4214.018871,13.754691,550,2749.749123
Cost-focused,465,4076.310201,11.787718,550,2675.902231
Cost-focused,466,4432.097385,14.548852,550,2820.191646
Cost-focused,467,4061.225982,17.705922,550,2636.128170
Cost-focused,468,4072.973207,17.186768,550,2637.690014
Cost-focused,469,4086.829454,11.874747,550,2534.068731
Cost-focused,470,4145.860653,12.242873,550,2587.743418
Cost-focused,471,4293.827912,12.297273,550,2809.877685
Cost-focused,472,4334.209477,14.510138,550,2752.490761
Cost-focused,473,4253.872237,13.657147,550,2830.450438
Cost-focused,474,3998.153162,15.369361,550,2566.493649
Cost-focused,475,4220.860157,14.538137,550,2743.988981
Cost-focused,476,4165.008511,12.805012,550,2699.586768
Cost-focused,477,4330.895514,15.662287,550,2855.665743
Cost-focused,478,4333.904839,11.399060,550,2746.726577
Cost-focused,479,4183.630945,13.450192,550,2765.236424
Cost-focused,480,4134.763180,16.641902,550,2790.759735
Cost-focused,481,4370.108830,15.709955,550,2834.552362
Cost-focused,482,4174.401975,17.150665,550,2798.448598
Cost-focused,483,4194.972719,14.013418,550,2770.316197
Cost-focused,484,4311.769731,15.849399,550,2838.254697
Cost-focused,485,4072.836965,11.741154,550,2627.203163
Cost-focused,486,4440.775808,14.303243,550,2857.436715
Cost-focused,487,4140.938429,11.192401,550,2682.634442
Cost-focused,488,4144.026895,14.922495,550,2765.775126
Cost-focused,489,3978.319901,18.320018,550,2558.576018
Cost-focused,490,4380.066933,15.545806,550,2838.347722
Cost-focused,491,3894.213435,17.326225,550,2530.908360
Cost-focused,492,4200.441565,15.776557,550,2680.173807
Cost-focused,493,4124.905608,13.096212,550,2637.165572
Cost-focused,494,4098.414672,12.978426,550,2601.216855
Cost-focused,495,4273.492489,14.143635,550,2803.364766
Cost-focused,496,4367.980406,12.915390,550,2868.166380
Cost-focused,497,4257.381799,19.421122,550,2801.907240
Cost-focused,498,4506.451876,14.578006,550,2929.299557
Cost-focused,499,4140.706338,16.116964,550,2702.629732
Cost-focused,500,4192.266563,14.382224,550,2689.128473
