comparator,observed_MSE_difference,p_block_bootstrap,p_bonferroni_13
ARIMA,2330.9899999957,0.0000999900,0.0012998700
SVR,1710.5099999969,0.0000999900,0.0012998700
XGBoost,1087.4399999981,0.0000999900,0.0012998700
LSTM,690.9899999987,0.0000999900,0.0012998700
BiLSTM,503.9999999991,0.0000999900,0.0012998700
GRU,559.7899999990,0.0000999900,0.0012998700
Transformer,449.1899999992,0.0000999900,0.0012998700
Informer,327.5899999994,0.0000999900,0.0012998700
TimesNet,275.9999999995,0.0000999900,0.0012998700
PatchTST,225.3899999996,0.0000999900,0.0012998700
iTransformer,127.1099999998,0.0000999900,0.0012998700
Mamba,168.7499999997,0.0000999900,0.0012998700
BiMamba_wo_physics,86.1899999999,0.0001999800,0.0025997400
