model,reference_RMSE,reference_MAE,reference_MAPE,reference_R2,reference_CVRMSE
ARIMA,58.2,44.5,14.8,0.828,19.5
SVR,52.6,40.1,13.2,0.86,17.6
XGBoost,46.3,35.2,11.5,0.891,15.5
LSTM,41.8,31.5,10.5,0.911,14
BiLSTM,39.5,29.8,9.8,0.921,13.2
GRU,40.2,30.5,10.1,0.917,13.5
Transformer,38.8,29.2,9.5,0.924,13
Informer,37.2,28,9.1,0.93,12.5
TimesNet,36.5,27.4,8.9,0.932,12.2
PatchTST,35.8,26.9,8.7,0.935,12
iTransformer,34.4,25.9,8.4,0.94,11.5
Mamba,35,26.5,8.6,0.938,11.7
BiMamba_wo_physics,33.8,25.6,8.3,0.942,11.3
BiMamba_proposed,32.5,24.5,8,0.946,11
