floor,R_zw,R_wm,C_z,C_w,C_m,alpha,S_m2,val_rmse_c,tau_h_table,kappa_w_k,tau_h_figure_profile
1,2.44200,3.27200,6.45000,25.58000,60.68000,0.66400,398.40000,0.39200,43.75250,17.50088,4.30000
2,2.39600,3.22600,6.44000,25.04000,59.44000,0.67200,403.20000,0.38600,42.86178,17.78726,4.25714
3,2.35000,3.18000,6.43000,24.50000,58.20000,0.68000,408.00000,0.38000,41.97361,18.08318,4.21429
4,2.30400,3.13400,6.42000,23.96000,56.96000,0.68800,412.80000,0.37400,41.08800,18.38911,4.17143
5,2.25800,3.08800,6.41000,23.42000,55.72000,0.69600,417.60000,0.36800,40.20494,18.70557,4.12857
6,2.21200,3.04200,6.40000,22.88000,54.48000,0.70400,422.40000,0.36200,39.32444,19.03312,4.08571
7,2.16600,2.99600,6.39000,22.34000,53.24000,0.71200,427.20000,0.35600,38.44650,19.37234,4.04286
8,2.12000,2.95000,6.38000,21.80000,52.00000,0.72000,432.00000,0.35000,37.57111,19.72387,4.00000
9,2.08000,2.91167,6.36667,21.25000,50.96667,0.72500,435.00000,0.36167,36.78519,20.03339,3.95714
10,2.04000,2.87333,6.35333,20.70000,49.93333,0.73000,438.00000,0.37333,36.00222,20.35278,3.91429
11,2.00000,2.83500,6.34000,20.15000,48.90000,0.73500,441.00000,0.38500,35.22222,20.68252,3.87143
12,1.96000,2.79667,6.32667,19.60000,47.86667,0.74000,444.00000,0.39667,34.44519,21.02313,3.82857
13,1.92000,2.75833,6.31333,19.05000,46.83333,0.74500,447.00000,0.40833,33.67111,21.37513,3.78571
14,1.88000,2.72000,6.30000,18.50000,45.80000,0.75000,450.00000,0.42000,32.90000,21.73913,3.74286
15,1.84000,2.68167,6.28667,17.95000,44.76667,0.75500,453.00000,0.43167,32.13185,22.11574,3.70000
