solution_id,cluster,x1,x2,x3,x4,x5,x6,x7,x8,x9,x10,x11,x12,energy_MWh_yr,PPD_pct,cost_kUSD,carbon_tCO2e_yr
1,Efficiency-focused,0.113161,1.800000,0.350000,0.310639,4.500000,0.950000,25.639842,19.354424,1.009888,5.376594,1,1,3093.437779,8.423358,1636.968648,1808.836418
2,Efficiency-focused,0.144399,1.800000,0.250000,0.206634,4.500000,0.950000,25.718309,19.251058,0.915337,6.937425,1,1,2900.367601,7.309460,1813.323893,2031.464286
3,Efficiency-focused,0.136423,1.400000,0.300000,0.306705,5.000000,0.920000,25.866775,18.420582,1.167545,6.625605,1,1,3429.372108,6.624293,1704.162795,2121.695404
4,Efficiency-focused,0.145779,1.800000,0.250000,0.290791,5.000000,0.950000,25.064365,19.329329,0.741643,6.157704,1,1,2714.413052,2.736883,2154.711073,1803.983320
5,Efficiency-focused,0.121157,1.400000,0.350000,0.301046,4.500000,0.950000,25.641488,19.426699,1.108606,6.943286,1,1,3338.367314,7.261646,1486.772497,2035.833927
6,Efficiency-focused,0.135525,1.600000,0.300000,0.348318,5.500000,0.980000,25.168124,18.518675,0.869318,5.764498,1,1,3038.117161,6.200062,1762.896874,1935.364694
7,Efficiency-focused,0.125283,1.400000,0.350000,0.227348,5.000000,0.980000,25.263121,18.103436,1.122458,6.707867,1,1,3128.270219,7.855174,1616.267572,2070.726823
8,Efficiency-focused,0.105464,1.200000,0.300000,0.324985,4.500000,0.980000,25.192009,19.118419,0.932214,6.857296,1,1,3023.850623,9.088631,1660.659734,2297.774697
9,Efficiency-focused,0.133461,1.400000,0.200000,0.262129,5.000000,0.950000,25.575105,18.190361,0.781893,5.812425,1,1,2447.442414,4.878124,1873.986011,1706.722397
10,Efficiency-focused,0.107142,1.600000,0.350000,0.302685,5.000000,0.950000,25.054092,19.238136,1.183663,5.529193,1,1,3173.612712,5.296688,1572.632680,2124.719511
11,Efficiency-focused,0.142625,1.600000,0.350000,0.232119,4.500000,0.950000,25.117517,19.290924,1.124133,5.856659,1,1,2963.503832,9.005165,1479.783252,2055.321470
12,Efficiency-focused,0.137492,1.400000,0.350000,0.220521,5.500000,0.950000,25.893544,18.930462,0.969002,5.767645,1,1,2982.702200,6.676618,1768.110249,2100.973054
13,Efficiency-focused,0.126040,1.200000,0.200000,0.343778,5.500000,0.980000,25.120504,18.132263,0.985314,6.307325,1,1,3164.182116,5.079763,1989.463473,1895.690065
14,Efficiency-focused,0.107428,1.800000,0.250000,0.305655,5.000000,0.950000,25.970227,19.054256,0.883520,5.559590,1,1,3223.891491,6.237152,2000.459108,1912.006279
15,Efficiency-focused,0.113401,1.200000,0.350000,0.260503,5.000000,0.920000,25.731511,19.345542,1.166377,6.209720,1,1,3186.406519,7.413422,1604.510770,1971.170919
16,Efficiency-focused,0.124417,1.200000,0.300000,0.222258,5.000000,0.980000,25.116243,18.204660,1.030852,5.367556,1,1,3211.183287,9.443141,1603.118028,2221.168912
17,Efficiency-focused,0.142296,1.600000,0.350000,0.250275,4.500000,0.950000,25.362670,18.940457,0.791627,6.533023,1,1,2584.162098,4.278992,1880.090508,1729.508909
18,Efficiency-focused,0.123715,1.400000,0.200000,0.222454,5.500000,0.920000,25.502155,19.400062,0.767631,6.471083,1,1,2719.846389,5.134879,1889.733964,2052.422918
19,Efficiency-focused,0.111214,1.200000,0.200000,0.263716,5.500000,0.980000,25.280462,18.906485,0.945723,5.154803,1,1,3251.327806,7.286955,1638.656798,2008.471891
20,Efficiency-focused,0.148121,1.600000,0.300000,0.304752,5.000000,0.920000,25.132909,19.315872,0.790913,6.444859,1,1,3384.329633,10.211406,1334.582951,2054.734290
21,Efficiency-focused,0.137934,1.600000,0.300000,0.304905,4.500000,0.980000,25.029164,18.018191,0.803542,5.692334,1,1,3074.247276,5.840274,1670.956639,2043.214203
22,Efficiency-focused,0.107603,1.400000,0.250000,0.215701,5.500000,0.920000,25.818958,19.396609,0.740509,6.218716,1,1,3250.115334,7.615119,1811.090205,2068.110944
23,Efficiency-focused,0.143364,1.200000,0.250000,0.261593,5.500000,0.980000,25.188426,18.219272,0.836893,5.972325,1,1,2735.630128,1.675393,2075.178925,1720.699689
24,Efficiency-focused,0.130443,1.600000,0.200000,0.221136,4.500000,0.920000,25.970722,18.508655,0.932427,5.387929,1,1,3398.102857,8.241639,1779.874816,2297.823071
25,Efficiency-focused,0.104017,1.800000,0.200000,0.239531,4.500000,0.920000,25.088209,18.467478,0.865053,6.007187,1,1,3035.992349,5.613456,2069.791516,1974.497414
26,Efficiency-focused,0.117406,1.200000,0.250000,0.275834,5.500000,0.980000,25.631759,18.051801,0.814927,6.765837,1,1,3074.091394,8.550787,1480.346245,1906.131911
27,Efficiency-focused,0.125408,1.600000,0.350000,0.237991,4.500000,0.980000,25.425972,19.334160,0.839741,6.641622,1,1,2849.588194,7.174123,1760.239755,1812.997407
28,Efficiency-focused,0.135308,1.400000,0.250000,0.343184,4.500000,0.980000,25.849734,18.621159,0.753934,6.718498,1,1,3204.650081,6.084961,2103.263559,1802.511275
29,Efficiency-focused,0.132795,1.800000,0.350000,0.216103,5.000000,0.920000,25.214411,19.138542,1.128940,5.220119,1,1,3050.106321,7.581652,1775.177060,1941.472947
30,Efficiency-focused,0.122174,1.800000,0.350000,0.311309,5.500000,0.920000,25.039584,18.781901,0.977916,5.192169,1,1,3324.052138,8.245755,1659.439843,2184.996644
31,Efficiency-focused,0.110267,1.600000,0.350000,0.348276,4.500000,0.950000,25.888036,19.361680,0.756041,5.253004,1,1,2717.435818,6.309418,2183.250976,1869.202598
32,Efficiency-focused,0.113000,1.600000,0.200000,0.237999,5.000000,0.950000,25.459726,18.119880,0.983826,6.893567,1,1,3367.021582,6.612704,1481.044932,1992.080228
33,Efficiency-focused,0.113379,1.400000,0.250000,0.342379,4.500000,0.980000,25.864397,18.718603,0.997945,6.573307,1,1,2856.796043,5.809483,2075.452720,1932.392936
34,Efficiency-focused,0.113414,1.200000,0.300000,0.309314,4.500000,0.950000,25.362928,19.338271,0.963109,6.876954,1,1,3056.641401,7.185198,1586.707410,1999.986131
35,Efficiency-focused,0.128493,1.800000,0.350000,0.281967,4.500000,0.950000,25.732296,19.201551,1.149807,5.466021,1,1,2776.941727,6.604081,2028.857505,1718.378048
36,Efficiency-focused,0.135364,1.800000,0.350000,0.326966,4.500000,0.950000,25.263557,18.556890,0.932058,6.545950,1,1,3175.852278,8.057901,1641.172815,1853.974103
37,Efficiency-focused,0.129236,1.800000,0.250000,0.338905,5.000000,0.950000,25.010303,18.655177,1.142362,5.270096,1,1,3053.034203,6.026056,1920.426908,2034.171990
38,Efficiency-focused,0.145708,1.400000,0.200000,0.328398,4.500000,0.980000,25.960994,18.552960,0.890206,5.589409,1,1,2457.251911,3.228784,2224.921776,1585.074055
39,Efficiency-focused,0.131010,1.400000,0.300000,0.248671,4.500000,0.920000,25.550640,18.055709,1.036079,6.407369,1,1,2889.121958,5.384398,1717.753689,1763.356563
40,Efficiency-focused,0.101977,1.800000,0.250000,0.288364,4.500000,0.980000,25.438704,18.519190,0.880773,6.620669,1,1,3244.905804,3.880564,1775.320909,1938.808646
41,Efficiency-focused,0.111601,1.400000,0.300000,0.298100,5.000000,0.950000,25.636914,18.964150,0.877750,6.489580,1,1,3194.720573,6.382990,1729.369525,2030.928279
42,Efficiency-focused,0.121239,1.600000,0.250000,0.239945,5.000000,0.950000,25.970494,18.226764,1.167625,6.913339,1,1,3340.143314,11.362673,1225.477482,2153.240382
43,Efficiency-focused,0.114299,1.600000,0.200000,0.228682,4.500000,0.980000,25.637519,19.179520,0.939587,5.690068,1,1,3349.949439,7.515691,1666.877820,2171.235756
44,Efficiency-focused,0.146474,1.800000,0.250000,0.275543,4.500000,0.980000,25.060655,18.016363,0.727355,5.063362,1,1,3234.161171,7.175589,1430.264829,2147.870960
45,Efficiency-focused,0.116614,1.600000,0.250000,0.301157,5.000000,0.980000,25.899102,18.864762,1.017032,5.703729,1,1,2853.457014,6.934053,2114.181679,1806.775777
46,Efficiency-focused,0.111898,1.400000,0.250000,0.238438,5.500000,0.950000,25.123904,18.414077,0.799403,6.013954,1,1,3300.887168,9.059341,1717.106360,2368.696503
47,Efficiency-focused,0.119525,1.600000,0.200000,0.345684,4.500000,0.980000,25.375103,19.131387,0.755670,5.423162,1,1,2864.317891,5.793764,1966.838797,1928.017896
48,Efficiency-focused,0.120909,1.600000,0.250000,0.228178,4.500000,0.980000,25.716705,18.106270,0.752641,6.891344,1,1,2713.244862,6.708930,2392.402058,1839.878208
49,Efficiency-focused,0.133270,1.600000,0.200000,0.319571,5.000000,0.950000,25.975206,18.191509,1.027218,6.311870,1,1,3489.501327,6.368429,1941.065695,1981.661648
50,Efficiency-focused,0.137448,1.800000,0.350000,0.290198,5.500000,0.980000,25.985570,18.144731,1.175409,5.986869,1,1,3515.742280,9.153825,1567.779121,2119.907144
51,Efficiency-focused,0.115786,1.800000,0.300000,0.295092,5.000000,0.920000,25.862496,18.289349,0.783418,6.742663,1,1,2889.337636,3.141826,1642.996604,1882.579396
52,Efficiency-focused,0.136679,1.400000,0.300000,0.260113,5.000000,0.980000,25.911220,18.308171,1.159007,6.387117,1,1,2636.889696,5.735254,1777.533056,1957.680210
53,Efficiency-focused,0.133716,1.400000,0.200000,0.337207,5.000000,0.950000,25.488749,18.031949,1.029629,6.545281,1,1,3398.152853,6.056370,1798.835198,2047.107236
54,Efficiency-focused,0.112014,1.800000,0.200000,0.231498,5.000000,0.920000,25.120261,18.198630,0.765541,5.448588,1,1,3187.175280,7.643299,1769.891552,2055.814497
55,Efficiency-focused,0.112383,1.200000,0.200000,0.220240,5.000000,0.920000,25.591808,19.477529,0.705826,6.431202,1,1,3006.050218,7.811533,2038.002678,1913.195330
56,Efficiency-focused,0.114169,1.800000,0.250000,0.345082,5.000000,0.980000,25.157985,18.509415,1.148750,6.504424,1,1,3027.753180,8.006307,1696.577526,2035.880255
57,Efficiency-focused,0.104585,1.800000,0.250000,0.270805,5.000000,0.980000,25.482354,18.503217,1.006914,6.849503,1,1,3468.606123,6.986243,1331.881919,2012.066755
58,Efficiency-focused,0.133629,1.200000,0.300000,0.253711,5.000000,0.950000,25.810309,19.166612,1.188486,5.573695,1,1,3322.507662,6.331803,1751.345814,2118.901095
59,Efficiency-focused,0.143145,1.400000,0.300000,0.305291,5.500000,0.950000,25.625721,19.225109,1.198955,6.313556,1,1,2841.465926,2.580753,1775.304610,1633.406933
60,Efficiency-focused,0.104500,1.200000,0.350000,0.281134,4.500000,0.950000,25.975799,19.468355,1.135514,6.427286,1,1,2861.918968,7.889374,1556.483845,1969.392500
61,Efficiency-focused,0.108599,1.200000,0.350000,0.328499,5.500000,0.920000,25.538008,18.933832,0.911355,5.592168,1,1,2798.466060,3.750541,1802.605082,2077.799935
62,Efficiency-focused,0.114898,1.800000,0.300000,0.314294,5.000000,0.920000,25.922060,19.238233,1.184991,6.677922,1,1,2886.872564,3.581774,1676.291735,2058.612694
63,Efficiency-focused,0.145325,1.200000,0.350000,0.274152,5.500000,0.920000,25.192833,18.253819,1.064366,6.538389,1,1,3059.740789,3.992738,1677.849194,2197.644299
64,Efficiency-focused,0.145006,1.800000,0.350000,0.311885,5.000000,0.980000,25.798894,19.465691,0.872193,5.100623,1,1,2879.199999,4.367318,1897.256915,1963.023993
65,Balanced,0.101989,2.000000,0.350000,0.354966,5.000000,0.920000,24.871165,18.996128,1.242052,7.043515,1,1,3470.887364,7.688231,1431.903987,2278.095512
66,Balanced,0.063046,1.600000,0.300000,0.331700,5.000000,0.950000,24.586092,19.105045,1.239822,8.611922,1,0,3325.133422,7.070940,1407.069176,2452.570024
67,Balanced,0.108205,2.200000,0.250000,0.445386,5.000000,0.950000,24.571429,19.541655,1.374589,7.610555,1,1,3639.295950,9.790554,1211.151846,2647.651425
68,Balanced,0.095622,1.800000,0.300000,0.394919,4.000000,0.950000,25.023918,19.156989,0.844813,6.721287,1,1,3477.496001,8.451281,1277.627255,2169.576856
69,Balanced,0.084158,2.200000,0.250000,0.396318,4.000000,0.920000,24.660194,19.595558,0.927956,8.092633,1,1,3845.892339,13.964440,905.339808,2560.290996
70,Balanced,0.078366,1.800000,0.250000,0.449139,4.500000,0.920000,25.053497,19.123283,1.315664,7.333492,1,1,3424.460947,8.203097,1080.936844,2602.793733
71,Balanced,0.084300,2.200000,0.350000,0.356283,5.000000,0.920000,25.378279,19.338964,1.004251,6.867850,1,0,3370.337976,5.787059,1211.046857,2320.007462
72,Balanced,0.082805,2.000000,0.250000,0.314694,4.000000,0.880000,25.087318,19.425489,1.229110,7.276847,1,1,3072.422664,6.782447,1515.248200,2048.975256
73,Balanced,0.094194,2.000000,0.300000,0.370300,5.000000,0.920000,24.520442,19.067487,1.104976,7.233390,1,1,3436.709745,9.345950,1319.155550,2384.586537
74,Balanced,0.084717,1.800000,0.300000,0.293162,4.000000,0.920000,25.077302,19.689905,1.257745,8.906908,1,1,3657.920719,8.733886,1177.880656,2470.595810
75,Balanced,0.060764,2.000000,0.250000,0.384715,4.000000,0.920000,25.433055,18.895096,1.322830,8.731119,0,1,3575.036932,5.773975,1550.449160,2133.627202
76,Balanced,0.071863,1.600000,0.250000,0.389215,5.000000,0.950000,24.677743,19.673548,1.262440,8.460064,1,1,3540.216556,11.072471,1075.536682,2421.992895
77,Balanced,0.099958,1.800000,0.250000,0.323046,4.000000,0.950000,24.740769,20.062315,1.197330,8.537681,1,1,3087.762222,8.125816,1403.249650,2055.024996
78,Balanced,0.109112,1.600000,0.300000,0.428770,4.500000,0.920000,25.080388,18.805686,0.849193,8.649138,1,1,4063.044293,9.190746,1428.038415,2307.376343
79,Balanced,0.071562,2.000000,0.400000,0.401931,4.500000,0.920000,24.509574,20.003493,0.837730,7.167903,1,0,3677.296532,7.256520,1077.573573,2228.112330
80,Balanced,0.069906,1.600000,0.400000,0.357160,4.500000,0.880000,24.712271,19.604196,0.941196,8.587181,1,1,3460.056755,9.178308,1207.805755,2297.451513
81,Balanced,0.086114,1.600000,0.400000,0.442249,4.500000,0.920000,24.831428,19.876304,1.058588,8.107216,1,1,3309.274609,5.579981,1365.766582,2045.286326
82,Balanced,0.103369,2.200000,0.350000,0.406267,4.000000,0.950000,25.124523,19.854792,1.355822,7.435314,1,0,3690.309294,7.253298,1537.626273,2313.177448
83,Balanced,0.082396,2.000000,0.300000,0.329137,5.000000,0.920000,24.960967,18.910200,1.212420,8.277532,1,1,3597.986932,6.917704,1185.500537,2220.909700
84,Balanced,0.097344,1.800000,0.300000,0.361737,4.000000,0.920000,25.147433,19.143325,1.090926,7.933967,1,0,3322.652492,6.280362,1745.024581,2499.878577
85,Balanced,0.068338,1.600000,0.300000,0.422669,4.500000,0.880000,25.343156,19.060604,1.059940,7.228310,1,0,3919.999203,11.992112,992.969103,2550.105986
86,Balanced,0.105194,1.800000,0.300000,0.437466,4.500000,0.950000,25.384363,19.444027,1.385555,7.012245,1,1,3277.170945,10.371601,1580.540807,2387.866844
87,Balanced,0.074979,2.200000,0.300000,0.326281,4.500000,0.920000,24.819514,19.874426,0.874542,8.584483,1,0,3140.073896,3.986859,1718.802247,2000.464811
88,Balanced,0.085021,2.200000,0.250000,0.417967,5.000000,0.880000,25.146230,19.730652,1.321420,8.850146,1,1,3572.784670,6.758483,1269.555236,2310.612283
89,Balanced,0.097704,2.200000,0.250000,0.282841,4.000000,0.950000,24.841493,18.880336,1.017032,8.420833,1,1,3373.969439,6.716123,1720.249151,2220.348837
90,Balanced,0.085966,1.800000,0.300000,0.379070,4.000000,0.880000,25.197152,19.713731,0.878492,8.024914,1,1,3273.798369,8.615514,1601.343297,2336.590575
91,Balanced,0.095015,2.000000,0.350000,0.393996,4.000000,0.880000,25.173370,20.015837,0.832680,7.268520,1,1,3712.121080,9.805985,1126.426509,2607.615006
92,Balanced,0.105457,2.000000,0.300000,0.357617,4.500000,0.950000,25.307238,19.035531,0.901404,7.066812,1,1,4018.675703,10.948836,770.450800,2769.208811
93,Balanced,0.084554,1.600000,0.400000,0.326401,4.500000,0.880000,24.665852,19.961034,1.286125,7.636377,1,1,3269.427913,6.990650,1568.022242,2303.522569
94,Balanced,0.100356,1.600000,0.300000,0.325645,5.000000,0.950000,25.163920,19.929943,0.835447,7.317135,1,0,3388.710705,6.539832,1067.662401,2245.255987
95,Balanced,0.077912,1.800000,0.250000,0.420434,4.500000,0.920000,25.213215,19.009174,1.376839,7.260542,1,1,3768.314074,9.794777,1145.241904,2386.801422
96,Balanced,0.071867,2.000000,0.350000,0.301598,4.500000,0.950000,24.781630,19.065522,1.062019,7.154269,0,1,3376.608800,8.210665,1168.443419,2481.556612
97,Balanced,0.091637,1.800000,0.300000,0.444945,4.000000,0.920000,24.862126,19.120394,1.363874,7.753182,1,1,3541.924847,7.953585,1063.792032,2340.936974
98,Balanced,0.073562,2.000000,0.400000,0.369451,4.000000,0.950000,25.343556,19.844047,1.221966,7.452140,1,1,3265.928277,5.271970,1634.351912,1921.298674
99,Balanced,0.088215,1.800000,0.350000,0.438950,5.000000,0.880000,25.313455,19.914223,0.948353,7.074577,1,1,3736.177207,7.866249,1235.640755,2368.321121
100,Balanced,0.099342,1.800000,0.350000,0.328558,5.000000,0.920000,24.710034,19.472562,0.919108,7.367366,1,1,3973.797240,8.367111,1524.065051,2382.378946
101,Balanced,0.070893,2.000000,0.300000,0.369096,5.000000,0.880000,24.995775,20.011392,1.358857,6.889081,0,1,3697.957979,8.875723,1411.295728,2430.699232
102,Balanced,0.106816,1.800000,0.250000,0.366870,4.500000,0.880000,25.141607,19.736498,0.899692,7.721277,1,1,3645.092796,8.356310,1033.088989,2520.529924
103,Balanced,0.067831,2.000000,0.350000,0.420581,4.000000,0.880000,25.355229,19.914745,1.235963,8.337835,1,0,3304.060164,6.158957,1507.682175,2189.622453
104,Balanced,0.068189,2.000000,0.350000,0.307302,4.000000,0.920000,25.018714,19.640973,1.032697,8.387811,1,0,4127.134109,9.490338,1256.909206,2158.583391
105,Balanced,0.076776,1.800000,0.250000,0.291074,4.000000,0.920000,24.899164,19.791763,1.133665,8.810967,0,1,3282.500376,7.708427,1273.974304,2268.489104
106,Balanced,0.069272,2.000000,0.400000,0.309120,5.000000,0.880000,24.784426,18.896509,1.366084,6.798702,0,1,3262.830405,7.421310,1242.192965,2380.767235
107,Balanced,0.063292,2.000000,0.250000,0.380761,4.500000,0.920000,24.643503,19.942540,0.892435,7.742437,1,1,3286.306661,7.823148,1052.272586,2395.355414
108,Balanced,0.106487,2.000000,0.300000,0.375863,5.000000,0.920000,24.538669,18.914688,0.830680,6.866091,1,1,3311.548415,7.840054,1503.677162,2326.211059
109,Balanced,0.102019,2.000000,0.400000,0.357097,4.000000,0.920000,24.877510,19.230338,0.856261,8.247597,0,0,3408.290525,8.875238,879.612093,2293.089425
110,Balanced,0.066702,2.200000,0.250000,0.385450,4.000000,0.950000,24.976639,19.465348,1.381822,6.891429,1,1,3716.791358,9.192016,1346.112113,2158.996859
111,Balanced,0.090333,2.200000,0.250000,0.362835,5.000000,0.950000,24.776696,19.676119,1.048895,8.531566,1,0,3835.064916,9.685005,1194.997982,2478.520792
112,Balanced,0.082222,1.800000,0.400000,0.406206,5.000000,0.950000,24.968374,19.001335,1.255084,7.334827,0,1,3475.301244,6.863820,1444.690625,2379.121087
113,Balanced,0.076674,2.200000,0.300000,0.400929,4.500000,0.880000,24.870530,19.240557,0.989945,7.472109,1,0,4052.338780,8.316720,1177.844586,2387.038303
114,Balanced,0.091464,1.800000,0.400000,0.423940,5.000000,0.880000,25.235697,19.956176,1.125528,7.347355,1,1,3529.995470,9.605897,1036.740770,2595.208349
115,Balanced,0.070770,1.800000,0.300000,0.436375,4.500000,0.920000,25.477052,18.806751,1.213262,7.503349,1,1,3459.239069,7.874545,1306.841138,2241.279859
116,Balanced,0.071233,2.000000,0.400000,0.313714,4.000000,0.880000,24.959695,19.489565,1.369715,8.580818,1,1,4023.229931,8.659392,1323.448925,2379.423443
117,Balanced,0.104721,2.000000,0.400000,0.389331,5.000000,0.920000,25.298287,19.511798,0.975079,8.439406,1,1,3593.210498,9.311789,1492.039927,2430.294221
118,Balanced,0.069984,2.000000,0.250000,0.357202,4.500000,0.950000,25.441011,19.984598,0.899253,7.065545,0,0,3360.958829,3.899488,1267.991646,2358.075273
119,Balanced,0.088067,2.200000,0.400000,0.380006,5.000000,0.880000,24.556972,19.971010,0.853328,8.467777,0,1,3768.419078,9.432026,991.865520,2268.314819
120,Balanced,0.061148,1.800000,0.250000,0.412414,4.500000,0.950000,25.129469,19.526620,1.350165,7.961260,1,1,3363.216429,8.330774,1392.516808,2452.482325
121,Balanced,0.084913,1.600000,0.400000,0.337926,4.500000,0.880000,24.651761,19.879894,1.372886,7.584245,1,1,3267.258923,4.313030,1303.074215,2220.318204
122,Balanced,0.094610,2.200000,0.250000,0.379016,4.000000,0.950000,24.779707,20.153315,1.279582,8.515455,1,1,3607.364424,6.798758,1237.844521,2077.352431
123,Balanced,0.080196,1.800000,0.300000,0.339202,4.500000,0.950000,25.122168,18.909278,1.165790,7.047420,1,1,3467.642482,9.230089,1403.580575,2202.829372
124,Balanced,0.090361,2.200000,0.400000,0.328259,4.000000,0.920000,25.459082,18.806283,1.065136,6.549512,1,1,3728.753126,8.527852,1202.545980,2505.372572
125,Balanced,0.064488,2.000000,0.350000,0.307171,4.000000,0.950000,25.483473,19.367728,1.390276,8.664709,1,0,3844.779408,12.314440,794.194056,2610.707442
126,Balanced,0.093973,1.800000,0.400000,0.296648,5.000000,0.880000,24.707787,20.037555,1.391074,6.515536,1,1,3436.319547,5.302848,1302.305024,2573.120471
127,Balanced,0.070884,1.600000,0.300000,0.385625,5.000000,0.950000,24.909373,19.827764,0.894872,8.516739,1,1,3355.603813,9.322892,1557.299477,2384.026966
128,Balanced,0.086601,2.200000,0.350000,0.435970,5.000000,0.950000,25.090966,18.814217,1.396443,7.865960,1,1,3662.044664,8.612558,1632.674883,2265.954395
129,Balanced,0.107790,1.800000,0.250000,0.304827,4.000000,0.950000,24.983825,18.938816,1.041747,8.126775,1,0,3496.309700,9.397026,1207.866434,2544.495737
130,Balanced,0.109460,1.800000,0.400000,0.353738,4.000000,0.920000,25.288010,19.394536,1.214300,8.602628,0,0,3456.094850,6.970838,1561.898564,2341.655807
131,Balanced,0.103163,2.000000,0.250000,0.389108,4.000000,0.920000,25.459856,19.866229,1.333387,7.264839,1,1,3407.847654,7.051267,1677.201719,2245.665827
132,Balanced,0.075860,2.000000,0.350000,0.290944,4.500000,0.950000,25.220408,19.734308,1.354886,7.637967,1,0,3794.264223,11.544654,1060.058955,2516.784385
133,Balanced,0.106699,1.800000,0.400000,0.299044,4.500000,0.920000,24.737141,18.914386,1.397012,6.605759,1,1,3438.364104,4.133711,1500.720898,1899.376660
134,Balanced,0.094367,1.600000,0.300000,0.419507,4.500000,0.950000,25.268090,19.675296,1.173515,6.674915,1,1,3247.992929,6.457864,1495.121821,1976.137544
135,Balanced,0.078693,2.000000,0.300000,0.398913,4.000000,0.880000,24.713999,18.800035,1.245686,7.996993,0,0,3526.850955,8.234391,1161.285200,2128.726138
136,Balanced,0.060350,2.000000,0.400000,0.305396,5.000000,0.880000,24.637999,20.011373,1.267160,7.477677,1,0,3834.542565,8.667752,1083.416945,2407.126789
137,Balanced,0.099715,2.200000,0.350000,0.361262,4.000000,0.880000,24.646142,19.284801,1.197866,7.267503,1,0,3592.661754,9.943355,1316.404822,2358.073531
138,Balanced,0.078146,1.600000,0.350000,0.285028,4.500000,0.920000,24.820553,18.965210,1.089596,8.694143,1,1,3601.145296,7.076208,1507.073425,2486.120548
139,Balanced,0.097386,1.600000,0.400000,0.448137,5.000000,0.920000,24.749524,20.088787,0.954003,7.820765,1,1,3818.771873,10.443097,1122.994530,2192.410121
140,Balanced,0.101678,1.800000,0.300000,0.291573,4.000000,0.880000,25.163230,19.644501,1.081147,6.815273,1,1,3734.478190,9.223380,1252.240729,2555.262144
141,Balanced,0.091307,2.200000,0.300000,0.408046,5.000000,0.920000,25.426685,18.935238,0.932901,8.059383,1,1,3535.613970,9.414145,1272.706162,2297.791433
142,Balanced,0.072292,1.800000,0.350000,0.307424,4.000000,0.880000,24.501915,19.244317,1.242617,7.381754,1,1,3695.032426,8.368775,1452.840681,2404.211745
143,Balanced,0.104280,2.000000,0.350000,0.338392,5.000000,0.920000,24.694543,19.860250,1.341054,8.944628,1,0,3437.004038,7.993356,1106.313961,2338.835169
144,Balanced,0.088039,2.000000,0.400000,0.300733,4.000000,0.880000,24.705619,19.664262,1.173509,7.867128,0,1,3866.376515,8.278595,1326.369955,2278.825205
145,Balanced,0.082733,2.200000,0.350000,0.302468,5.000000,0.880000,24.853301,19.809643,1.101106,8.579706,0,1,3922.785526,9.690887,769.970039,2429.423228
146,Balanced,0.095053,1.800000,0.300000,0.350432,5.000000,0.920000,25.272784,19.111210,1.298821,8.055557,1,0,3651.493641,7.589121,1690.603306,2249.660406
147,Balanced,0.109840,1.800000,0.250000,0.363624,5.000000,0.880000,25.173830,20.069955,1.155674,8.595992,1,1,3471.701506,5.539365,1336.505372,2459.280130
148,Balanced,0.100612,1.600000,0.250000,0.433435,5.000000,0.950000,24.912583,19.199749,1.045759,8.295280,1,1,3498.187094,6.031933,1283.392477,2367.936931
149,Balanced,0.106295,1.800000,0.250000,0.341532,4.500000,0.920000,24.863793,19.638709,1.395190,7.003635,0,1,3840.353754,10.514712,667.346739,2628.299917
150,Balanced,0.088090,1.800000,0.400000,0.358033,4.000000,0.880000,25.470291,19.613814,1.228068,7.721126,1,1,3567.244146,8.722953,1194.861634,2290.311767
151,Balanced,0.102588,1.800000,0.350000,0.426128,4.000000,0.880000,24.794601,19.332234,1.142175,8.680858,1,1,3263.630370,7.208254,1394.218386,2168.050881
152,Balanced,0.101558,2.000000,0.350000,0.296287,5.000000,0.880000,25.155282,20.099059,1.257654,6.801152,1,1,3592.238043,11.131980,780.359495,2375.159895
153,Balanced,0.094277,1.800000,0.300000,0.325751,4.500000,0.920000,24.719526,19.600432,0.834265,7.686233,1,1,3289.988865,10.407947,1049.828823,2240.809230
154,Balanced,0.072927,2.200000,0.300000,0.310297,5.000000,0.880000,25.249721,19.536296,1.362122,7.099154,1,1,3652.268242,7.210981,1439.325975,2145.707007
155,Cost-focused,0.032219,3.000000,0.400000,0.471694,3.000000,0.800000,23.038678,20.862334,1.711125,11.092131,1,0,4049.546685,17.304773,462.212541,2725.112116
156,Cost-focused,0.058114,3.000000,0.500000,0.547660,4.000000,0.800000,23.358940,21.199658,1.199320,10.903892,0,0,3929.448036,15.830180,959.135093,2628.665950
157,Cost-focused,0.025145,2.200000,0.450000,0.565085,4.000000,0.840000,23.715620,21.943083,1.339496,9.390276,0,0,4389.879574,14.727536,506.283988,2693.627040
158,Cost-focused,0.035423,2.500000,0.500000,0.505013,3.500000,0.840000,22.990783,21.911810,1.082086,10.204471,1,0,3928.105098,13.340086,762.011256,2622.162101
159,Cost-focused,0.043196,2.500000,0.500000,0.530037,4.000000,0.800000,23.155327,21.513840,1.518096,9.605394,1,0,4167.567780,14.461595,384.717359,2723.057529
160,Cost-focused,0.038811,3.000000,0.500000,0.450324,3.000000,0.840000,23.898008,20.229148,1.030300,11.052213,0,0,4330.392414,15.350148,432.102513,2741.840144
161,Cost-focused,0.043794,3.000000,0.450000,0.529619,3.500000,0.840000,23.348257,20.707988,1.502294,11.878324,0,0,3874.246041,16.136588,463.123489,2650.951929
162,Cost-focused,0.032974,3.000000,0.500000,0.492423,3.500000,0.800000,22.755522,21.597367,1.628589,11.500521,0,0,3923.741792,8.860627,902.372375,2381.257301
163,Cost-focused,0.046741,2.500000,0.400000,0.439217,3.500000,0.880000,22.867037,21.010627,1.168270,10.332201,0,0,4414.782029,12.634984,666.893871,2942.248596
164,Cost-focused,0.043735,2.800000,0.450000,0.420947,3.500000,0.840000,23.535090,20.607674,1.733680,10.015475,0,0,4225.401787,17.892910,587.150621,2880.447120
165,Cost-focused,0.051107,2.200000,0.450000,0.529075,3.000000,0.800000,24.173436,20.457259,1.674355,11.815023,1,1,3944.266481,14.752222,412.317971,2764.127676
166,Cost-focused,0.027391,2.800000,0.400000,0.502164,3.500000,0.800000,22.776009,20.889104,1.913398,9.927210,0,0,3803.465201,15.104646,704.523656,2573.749750
167,Cost-focused,0.048891,2.800000,0.450000,0.534010,3.500000,0.880000,22.816142,20.354624,1.860689,9.508205,0,0,4168.600989,15.412605,375.869920,2861.771524
168,Cost-focused,0.022325,3.000000,0.450000,0.555934,3.000000,0.840000,23.263134,21.053966,1.729656,10.764460,0,0,4603.045213,14.671641,670.304915,2746.434208
169,Cost-focused,0.032609,2.500000,0.450000,0.435855,3.500000,0.840000,23.940547,20.443068,1.535468,11.921618,0,0,4022.753594,10.159080,706.237952,2694.897422
170,Cost-focused,0.049455,2.800000,0.500000,0.524855,3.000000,0.880000,24.427443,21.894552,1.539456,9.183587,0,0,4205.545633,19.463746,390.002771,2920.501324
171,Cost-focused,0.033620,3.000000,0.400000,0.511809,3.000000,0.880000,24.020944,20.257688,1.771314,11.842786,0,0,4068.433062,19.843921,395.975661,2801.985623
172,Cost-focused,0.059142,3.000000,0.450000,0.423680,3.500000,0.880000,23.851706,21.300836,1.233047,10.864502,0,0,3889.023875,7.522623,853.474202,2810.953924
173,Cost-focused,0.054394,2.800000,0.400000,0.472183,3.500000,0.800000,22.836131,21.095622,1.419409,10.891656,1,0,3673.140986,14.136831,431.786289,2246.590466
174,Cost-focused,0.028301,2.800000,0.450000,0.479329,3.000000,0.800000,24.026379,20.590009,1.579746,9.018102,0,0,4247.820512,12.707842,268.118483,2801.556332
175,Cost-focused,0.040836,2.200000,0.400000,0.505529,3.000000,0.840000,24.082803,21.033212,1.486100,10.037897,0,0,4005.199936,14.168658,843.374426,2582.599800
176,Cost-focused,0.031767,2.500000,0.450000,0.532847,3.500000,0.880000,23.685259,21.365326,1.130087,10.851820,0,0,3570.759481,7.628883,908.615956,2084.655270
177,Cost-focused,0.038902,2.500000,0.450000,0.456581,3.000000,0.880000,23.280653,21.820290,1.424190,11.327412,0,0,4026.445373,12.444889,441.563587,2746.251209
178,Cost-focused,0.029156,2.800000,0.500000,0.473232,3.500000,0.800000,24.487853,20.908039,1.360448,9.176680,0,0,3929.222552,16.215535,286.039381,2486.961710
179,Cost-focused,0.053320,2.800000,0.450000,0.500506,3.500000,0.840000,23.986692,21.408795,1.560087,10.589285,0,0,3849.668126,14.326676,698.282342,2520.464292
180,Cost-focused,0.033948,2.500000,0.500000,0.448809,3.500000,0.880000,22.718381,20.682362,1.052018,9.958222,0,0,3558.946312,6.175664,808.336623,2252.633737
181,Cost-focused,0.026670,2.800000,0.450000,0.522131,3.000000,0.880000,23.630230,21.147662,1.793878,11.029696,0,0,4079.988714,15.234402,376.012379,2807.297522
182,Cost-focused,0.059018,2.800000,0.450000,0.428318,3.000000,0.840000,23.736741,20.056066,1.939871,10.694207,0,0,4096.167013,17.781649,559.386801,2680.824346
183,Cost-focused,0.030567,3.000000,0.450000,0.407559,4.000000,0.840000,23.903725,21.162308,1.719974,10.084394,0,0,4529.689670,17.263591,142.322663,2831.722572
184,Cost-focused,0.059315,2.200000,0.400000,0.478306,3.500000,0.840000,22.609501,21.935653,1.872291,9.995929,1,0,4207.325105,8.427678,745.457903,2690.908630
185,Cost-focused,0.057642,2.200000,0.450000,0.439517,4.000000,0.880000,22.961967,20.751931,1.821400,10.348025,0,0,3929.849323,17.621049,386.998698,2528.459652
186,Cost-focused,0.032602,2.200000,0.400000,0.489387,3.500000,0.840000,23.233071,20.258979,1.522913,11.019384,1,0,4042.827519,11.283827,566.517116,2732.162212
187,Cost-focused,0.052708,2.500000,0.450000,0.566746,3.500000,0.880000,23.732345,21.027295,1.224582,11.496244,0,0,3976.973643,13.551743,867.493826,2543.697715
188,Cost-focused,0.038002,2.500000,0.450000,0.513440,3.500000,0.800000,24.416637,21.947578,1.918147,9.091080,0,0,4231.409121,18.149796,477.563689,2575.338861
189,Cost-focused,0.056384,2.200000,0.400000,0.479227,3.000000,0.800000,23.217008,20.478880,1.412219,10.319357,0,0,4015.195625,11.642135,729.432020,2520.552262
190,Cost-focused,0.036242,2.800000,0.450000,0.473449,3.000000,0.840000,24.038442,20.268471,1.395559,10.394743,0,0,4425.132099,18.730740,169.259385,2773.415046
191,Cost-focused,0.054408,3.000000,0.400000,0.530491,3.500000,0.800000,23.242982,20.742025,1.154016,10.559527,0,0,4340.293918,12.708678,439.129646,2683.516407
192,Cost-focused,0.036637,2.200000,0.400000,0.534408,4.000000,0.880000,24.189264,20.756470,1.616832,11.636152,0,0,4288.946596,16.857716,504.484388,2822.698675
193,Cost-focused,0.057118,3.000000,0.400000,0.453792,3.500000,0.800000,22.664327,20.213914,1.329230,10.130450,0,0,3648.546881,6.017023,987.605305,2468.763627
194,Cost-focused,0.025235,2.800000,0.500000,0.536599,3.500000,0.800000,22.563187,21.211965,1.273200,10.024557,0,0,4007.972472,14.373824,849.051985,2618.359322
195,Cost-focused,0.038230,3.000000,0.500000,0.439361,4.000000,0.880000,23.799231,21.958885,1.959829,10.666662,1,0,4148.411593,15.679605,480.246614,2894.290813
196,Cost-focused,0.058459,2.200000,0.450000,0.454215,4.000000,0.840000,24.106907,21.772832,1.507439,11.416846,0,0,3989.456375,11.797525,661.617863,2836.134342
197,Cost-focused,0.028567,2.200000,0.500000,0.560052,4.000000,0.800000,24.255774,21.965995,1.785558,9.048497,1,0,3973.943814,6.409541,794.044190,2291.653368
198,Cost-focused,0.052525,2.800000,0.450000,0.402818,3.000000,0.800000,23.932445,20.486927,1.561096,9.647072,0,0,4223.235270,13.912420,390.579960,2859.315940
199,Cost-focused,0.042572,3.000000,0.450000,0.407279,3.000000,0.840000,23.295092,20.483529,1.040884,10.114618,1,0,3886.378615,12.527200,531.722168,2721.068834
200,Cost-focused,0.047019,2.800000,0.500000,0.572891,3.500000,0.800000,22.622703,20.929899,1.287667,10.983158,0,0,4053.333731,14.364051,837.339948,2536.996844
